Date,Volume,Open,Low,High,Close,Close.adj
2010/11/12,15233849,150,135.13,158,136.35,136.35
2010/11/15,6545866,138,136.36,145.3,145.03,145.03
2010/11/16,5409290,149.2,135.2,149.98,138.67,138.67
2010/11/17,3282658,134,132.5,144.98,140.59,140.59
2010/11/18,3221231,140.6,139.51,149.99,148.6,148.6
2010/11/19,2712968,151,147.02,153.53,152.3,152.3
2010/11/22,3617457,150,145.28,153.95,145.45,145.45
2010/11/23,1652072,143.78,141.02,147.5,145,145
2010/11/24,1337408,144.12,143.45,148.92,147.8,147.8
2010/11/25,1876948,147.55,143.1,148.49,146,146
2010/11/26,1965696,145.8,145,154.5,151.51,151.51
2010/11/29,2005854,151,150.02,156.95,155.6,155.6
2010/11/30,2685544,155.4,143.53,156.36,146.45,146.45
2010/12/1,1012261,145,143.35,147.18,145,145
2010/12/2,1313459,146.8,141.1,146.9,141.4,141.4
2010/12/3,1197040,140.21,137.5,142.99,137.9,137.9
2010/12/6,1292544,138,134.68,138.98,138.89,138.89
2010/12/7,711903,137.78,136.02,139.71,139.2,139.2
2010/12/8,766463,138.96,135.5,139.98,135.5,135.5
2010/12/9,772289,135,133.6,136.99,135,135
2010/12/10,603194,132.98,132.98,138.58,138.1,138.1
2010/12/13,755930,138,137.8,140.94,140.09,140.09
2010/12/14,646413,139.97,138.21,140.59,138.76,138.76
2010/12/15,958898,138.5,134.96,139.44,135.71,135.71
2010/12/16,509868,136,135.15,139.95,137.22,137.22
2010/12/17,485771,136.65,135.84,138.36,138.01,138.01
2010/12/20,1172655,139,136.8,141.6,141.38,141.38
2010/12/21,769608,141.45,139.31,141.47,139.7,139.7
2010/12/22,1032547,139.68,134.8,139.7,135.57,135.57
2010/12/23,515557,135,134.5,137.68,134.92,134.92
2010/12/24,1398268,134,126.54,134.3,127.03,127.03
2010/12/27,766063,127.3,123.02,129.5,124.2,124.2
2010/12/28,642456,124.2,122.01,126.29,125.71,125.71
2010/12/29,490512,126.6,126.01,129.79,129.5,129.5
2010/12/30,489157,129,128.02,130.5,129,129
2010/12/31,571127,128.5,127.7,133.99,133.2,133.2
2011/1/4,593167,133.2,131.4,136.25,134.7,134.7
2011/1/5,288932,134.3,133.2,135.77,134.78,134.78
2011/1/6,361899,134.75,132.21,134.8,132.98,132.98
2011/1/7,254145,133,129.58,133.5,130.69,130.69
2011/1/10,539333,130.49,123.9,130.5,123.98,123.98
2011/1/11,304818,122.99,121.73,124.25,123.5,123.5
2011/1/12,386927,123.96,121.2,124.78,122.65,122.65
2011/1/13,252496,123.05,121.3,123.4,122.06,122.06
2011/1/14,253455,121.33,121.25,123.94,122,122
2011/1/17,337625,121.1,117.01,122.88,117.22,117.22
2011/1/18,402580,116.99,114,118,115.6,115.6
2011/1/19,353330,115.7,115.2,120,120,120
2011/1/20,229422,119.18,116.2,119.93,116.5,116.5
2011/1/21,258835,116.46,115.53,120,116.78,116.78
2011/1/24,329161,115.63,112,117.91,112.81,112.81
2011/1/25,259009,110,109,111.5,110.51,110.51
2011/1/26,149117,110.5,110.05,112.78,111.85,111.85
2011/1/27,157003,112,111,113.99,113.5,113.5
2011/1/28,177801,113.49,112.2,114.47,113.98,113.98
2011/1/31,138450,113.9,112.74,114.2,113.75,113.75
2011/2/1,152581,113.74,112.74,114.85,114.02,114.02
2011/2/9,170305,113.02,112.66,114.5,112.67,112.67
2011/2/11,427567,118,116,118,116.13,116.13
2011/2/14,1862378,118,113.01,119.25,119.25,119.25
2011/2/15,729897,119.9,116.98,119.98,116.98,116.98
2011/2/16,1083623,116.15,115.57,121.47,121.28,121.28
2011/2/17,520566,121,119.2,121.95,119.35,119.35
2011/2/18,858830,122.49,119.67,123.98,120.54,120.54
2011/2/21,779907,119.02,118.38,119.82,119.29,119.29
2011/2/22,821566,119.93,115.07,119.93,115.96,115.96
2011/2/23,969530,115.96,115.08,125,121.56,121.56
2011/2/24,684716,121,117.5,122,118.1,118.1
2011/2/25,279745,117.53,117.2,118.88,117.95,117.95
2011/2/28,354710,117.39,117.01,119.15,118.8,118.8
2011/3/1,498413,119.62,118.86,122.36,119.5,119.5
2011/3/2,901920,119.99,118.5,122.5,121.6,121.6
2011/3/3,459783,122.59,118.61,122.59,118.98,118.98
2011/3/4,380783,119,117.52,119.29,118.45,118.45
2011/3/7,509540,118.49,118.1,119.86,118.8,118.8
2011/3/8,376374,118.8,118.65,120.49,119.29,119.29
2011/3/9,321838,119.3,117.8,119.95,118.29,118.29
2011/3/10,419601,118,117.61,120.5,118.9,118.9
2011/3/11,744307,118.5,118.5,122.5,121.49,121.49
2011/3/14,754047,121.55,121.55,125.09,123.9,123.9
2011/3/15,602890,123,119.7,124.76,121.31,121.31
2011/3/16,320130,121.5,120.95,122.46,122.25,122.25
2011/3/17,498074,121.56,118.18,121.58,118.85,118.85
2011/3/18,461001,118.91,117.88,120,118.48,118.48
2011/3/21,277701,118,116.22,118.59,116.7,116.7
2011/3/22,408679,116.71,116.32,117.97,116.8,116.8
2011/3/23,314356,117.03,117.03,119.68,118.89,118.89
2011/3/24,290185,119.01,118.24,119.8,119.5,119.5
2011/3/29,1535197,113.5,107.55,115.89,107.78,107.78
2011/3/30,792409,105.53,104.9,106.98,105.97,105.97
2011/3/31,532606,106.02,105.83,106.94,106.1,106.1
2011/4/1,320770,106.89,106.1,108.9,108.73,108.73
2011/4/6,378938,108.11,105.5,109.48,105.9,105.9
2011/4/7,229113,106,105.1,107.25,105.93,105.93
2011/4/8,384324,106,105.5,109.6,108.73,108.73
2011/4/11,266191,109.19,107.69,109.98,107.96,107.96
2011/4/12,409435,108,105.95,108,106.27,106.27
2011/4/13,369881,106.28,105.27,107.47,107.4,107.4
2011/4/14,410219,106.6,104.91,107.29,105.59,105.59
2011/4/15,723465,105.4,101.3,105.4,101.9,101.9
2011/4/18,608334,101.3,99.43,101.66,100,100
2011/4/19,308812,99.35,99.31,101.59,101,101
2011/4/20,189846,100.32,100.32,101.83,101.66,101.66
2011/4/21,390999,101.59,100.69,105.15,103.8,103.8
2011/4/22,189385,103.97,102.6,104.59,102.65,102.65
2011/4/26,664200,99.01,95.61,99.98,96.35,96.35
2011/4/27,324491,96.4,96.36,98.8,96.88,96.88
2011/4/28,269634,96.87,95.81,98.9,96.03,96.03
2011/4/29,165147,96.03,95.93,97.48,97.13,97.13
2011/5/3,184133,97.18,96.16,98.5,98.31,98.31
2011/5/4,150824,98.39,97.06,98.91,97.4,97.4
2011/5/5,270494,64,63.55,65.86,64.6,96.9
2011/5/6,298139,64,63,64.8,64.5,96.75
2011/5/9,457853,64.7,64.7,67.1,65.9,98.85
2011/5/10,251836,66.1,65.28,66.47,66.39,99.58
2011/5/11,187480,66.39,65.43,66.85,66.3,99.45
2011/5/12,427309,66.31,63.5,66.31,64.01,96.01
2011/5/13,647232,64.12,62.8,64.8,63.38,95.07
2011/5/16,296750,63.6,63.06,64.4,63.43,95.14
2011/5/17,1906644,60.03,57.09,60.34,57.09,85.64
2011/5/18,1570431,55.55,54.48,56.88,54.69,82.04
2011/5/19,425744,55.01,54.39,55.53,54.51,81.76
2011/5/20,617140,54.87,52.93,55.17,53.03,79.54
2011/5/23,789662,53,52.06,53.36,52.58,78.87
2011/5/24,995939,52.67,52.4,55.38,55,82.5
2011/5/25,463665,54.99,54.05,55.28,54.27,81.4
2011/5/26,447199,54.38,54.38,55.79,55.02,82.53
2011/5/27,216955,54.98,54.7,55.32,54.93,82.39
2011/5/30,427317,54.51,54.5,56.85,56.08,84.12
2011/5/31,353800,56,55.29,56.75,56.01,84.01
2011/6/1,241368,56,55.67,56.56,56.34,84.51
2011/6/2,298666,55.8,55.03,55.83,55.38,83.07
2011/6/3,364529,55.09,55.09,57.32,56.67,85
2011/6/7,177583,56.36,56.35,57.18,56.62,84.93
2011/6/8,204793,56.8,56.32,57.08,56.72,85.08
2011/6/9,238061,56.36,55.8,56.97,55.81,83.71
2011/6/10,383560,55.81,54.8,56.17,55.22,82.83
2011/6/13,327898,54.7,54.3,56.48,55.7,83.55
2011/6/14,160751,55.68,55.68,56.92,56.09,84.14
2011/6/15,162358,56,56,56.89,56.29,84.43
2011/6/16,150850,56.01,55.65,56.3,55.74,83.61
2011/6/17,315247,55.74,55.5,57.19,55.51,83.26
2011/6/20,925247,55.29,50,56.01,51,76.5
2011/6/21,652416,51.69,49.8,51.69,50.28,75.42
2011/6/22,165399,50.5,49.99,50.66,50.39,75.58
2011/6/23,285676,49.99,49.8,51.51,51.3,76.95
2011/6/24,617095,51.07,51.06,53.3,53.28,79.92
2011/6/27,247982,53.01,52.72,53.96,53.53,80.29
2011/6/28,374995,53.71,52.5,53.77,52.77,79.15
2011/6/29,501835,53.47,53.1,55.4,53.49,80.24
2011/6/30,475762,53.15,52.6,54.32,53.8,80.7
2011/7/1,297847,53.81,53.8,54.86,54.06,81.09
2011/7/4,606414,54.2,54.01,55.18,54.89,82.33
2011/7/5,962857,54.81,54.81,57.5,57.4,86.1
2011/7/6,328850,57.4,56.61,57.75,57.55,86.32
2011/7/7,997821,57.18,57.18,60.33,59.59,89.39
2011/7/8,248924,59.58,58.06,59.86,58.96,88.44
2011/7/11,340564,58.33,58.03,59.68,59.4,89.1
2011/7/12,381797,58.61,57.51,58.91,57.51,86.26
2011/7/13,349420,57.8,57.51,58.8,58.34,87.51
2011/7/15,1148195,60.05,58.8,60.66,59.82,89.73
2011/7/18,1304476,59.79,59.73,62.34,61.3,91.95
2011/7/19,801630,60.54,59,60.7,59.21,88.82
2011/7/20,625056,60,57.4,60,57.95,86.93
2011/7/21,659435,57.52,56.69,57.92,56.8,85.2
2011/7/22,325881,57,56.81,58.11,57.6,86.4
2011/7/25,526901,57.08,55.22,57.48,55.39,83.08
2011/7/26,353418,55.03,54.8,55.5,55.18,82.77
2011/7/27,507491,55.38,54.81,57.3,56.84,85.26
2011/7/28,857474,56.52,56.52,59.97,59.95,89.93
2011/7/29,595578,59.96,58.48,60.65,59,88.5
2011/8/1,1306639,58.8,57,58.8,58.47,87.71
2011/8/2,1958453,58.35,54.9,58.4,55.35,83.03
2011/8/3,873839,54.85,54.3,56.24,55.87,83.81
2011/8/4,503422,55.52,54.96,56.74,55.16,82.74
2011/8/5,533431,53,50.01,54.52,54.42,81.63
2011/8/8,712817,53.5,53.21,55.44,53.38,80.07
2011/8/9,701771,51.15,51.15,55.09,54.65,81.97
2011/8/10,948768,55.03,53.5,55.59,53.82,80.73
2011/8/11,601832,53.2,52.52,55.5,55.28,82.92
2011/8/12,864188,55.55,55.3,58,56.48,84.72
2011/8/15,1724355,56.96,56.57,59.88,59.86,89.79
2011/8/16,1108334,59.86,58.8,60.98,59.1,88.65
2011/8/17,1056987,59.01,58.52,60.6,60.01,90.01
2011/8/18,1003054,60.03,59.26,61.78,60,90
2011/8/19,1417200,58.18,58.1,62.49,62.22,93.33
2011/8/22,1956184,62.05,62,63.99,63.68,95.52
2011/8/23,1159125,63.81,62.67,64.1,63.78,95.67
2011/8/24,1646285,64.05,62.58,66.47,62.81,94.21
2011/8/26,1378351,63.1,61.51,63.27,62.64,93.96
2011/8/29,720512,62.7,62.17,63.5,62.99,94.49
2011/8/30,794169,63.11,61.21,63.35,61.4,92.1
2011/8/31,640260,61.41,59.66,61.41,60.5,90.75
2011/9/1,315232,60.61,60,61.1,60.4,90.6
2011/9/2,505560,60.4,60.38,61.79,61.23,91.85
2011/9/5,438722,61,59.62,61,61,91.5
2011/9/6,364681,60.03,59.89,62.4,61.63,92.44
2011/9/7,763493,61.63,61.34,63.88,63.36,95.04
2011/9/8,511816,63.98,62.52,64.02,63.55,95.32
2011/9/9,500948,63.9,61.51,63.95,61.75,92.62
2011/9/13,600137,61.37,58.71,61.37,59.08,88.62
2011/9/14,279124,59.58,58.42,60.24,59.76,89.64
2011/9/15,167439,59.9,59.65,60.88,60.13,90.19
2011/9/16,335301,60.5,58.82,60.51,59.02,88.97
2011/9/19,159912,58.18,58.18,59.25,58.35,87.96
2011/9/20,329497,58.36,57.02,58.36,57.7,86.98
2011/9/21,324054,57.79,57.01,59.3,58.96,88.88
2011/9/22,335470,58.41,56.6,58.89,56.6,85.33
2011/9/23,368804,55.52,55,56.5,55.87,84.23
2011/9/26,137696,55.06,54.85,56.15,54.85,82.69
2011/9/27,221958,54.96,54.37,56.2,54.65,82.39
2011/9/28,234800,55.19,53.68,55.19,53.7,80.95
2011/9/29,464015,53.59,51.77,53.7,52.9,79.75
2011/9/30,261600,52.9,52.6,54.8,54.8,82.61
2011/10/10,82745,54,53.53,54.67,53.87,81.21
2011/10/11,176435,54.98,53.37,55.3,53.73,81
2011/10/12,271670,53.59,52.76,55.17,55.08,83.03
2011/10/13,395013,55,54.69,56.63,56.63,85.37
2011/10/14,160094,56.59,55.28,56.59,55.85,84.2
2011/10/17,195723,56.25,54.58,56.25,54.79,82.6
2011/10/18,256842,54.7,53,54.78,53.15,80.12
2011/10/19,158476,52.62,52.62,53.63,53.15,80.12
2011/10/20,330852,53.15,51.31,53.15,51.49,77.62
2011/10/21,265720,51.47,49.8,51.58,50.09,75.51
2011/10/24,382923,50.09,49.03,52,51.7,77.94
2011/10/25,430079,50.85,50.81,52.44,52.3,78.84
2011/10/26,795024,51.8,51.51,53.52,53.5,80.65
2011/10/27,2148334,55.34,53.85,56.26,54.25,81.78
2011/10/28,823508,54.51,52.85,54.51,53.92,81.29
2011/10/31,600982,53.8,53.1,54.45,53.93,81.3
2011/11/1,864850,53.5,53.36,55.25,54.3,81.86
2011/11/2,739015,53.5,52.52,55.35,55.05,82.99
2011/11/3,826397,55.2,55.11,56.43,55.53,83.71
2011/11/4,1093162,56.98,55.54,57.25,55.89,84.26
2011/11/7,380058,55.89,55.3,56.25,55.39,83.5
2011/11/8,278410,55.4,54.91,55.95,55.26,83.31
2011/11/9,404591,55.79,54.5,55.82,55.26,83.31
2011/11/10,909682,54.89,54.61,56.39,55.67,83.92
2011/11/11,479459,55,54.52,55.75,54.7,82.46
2011/11/14,1646760,55.07,55,59.94,59,88.94
2011/11/15,894250,58.59,58.25,59.56,58.29,87.87
2011/11/16,1693169,58,54.99,58.08,55.3,83.37
2011/11/17,1793890,55.3,55.01,58.75,57.2,86.23
2011/11/18,2829669,56.41,56.4,60.5,60.4,91.05
2011/11/21,1695529,60,58.5,60,59.02,88.97
2011/11/22,1333263,58.3,58.22,60.63,59.44,89.61
2011/11/23,1504585,59.6,58.6,61.5,60.68,91.48
2011/11/24,1486404,60,60,62.47,61.48,92.68
2011/11/25,1170086,61.1,59.5,61.97,59.8,90.15
2011/11/28,996660,59.8,58.56,60.65,60,90.45
2011/11/29,1366124,60.79,59.32,61.68,59.54,89.76
2011/11/30,1708129,59.4,57.11,61,58.32,87.92
2011/12/1,3142577,59.5,59.11,63.88,62.63,94.42
2011/12/2,2009810,61.88,61.5,63.44,62.9,94.82
2011/12/5,1486681,62.85,58.73,62.85,58.85,88.72
2011/12/6,837446,57.85,57.58,59.9,59.47,89.65
2011/12/7,1325975,59.43,57.19,60.1,58.05,87.51
2011/12/8,1826541,56.98,55,58.71,55.33,83.41
2011/12/9,880234,54.95,54.3,55.55,54.93,82.81
2011/12/12,710801,55,55,55.97,55.28,83.34
2011/12/13,789866,54.9,52.34,55.32,52.5,79.14
2011/12/14,581447,52.55,51.6,53.45,51.6,77.79
2011/12/15,577982,51.74,50.5,52.67,51.72,77.97
2011/12/16,544403,51.6,51.5,53.5,53.5,80.65
2011/12/19,601310,53.43,52.05,53.8,53.7,80.95
2011/12/20,712813,53.7,53.31,54.88,53.7,80.95
2011/12/21,641230,54.27,50.79,54.67,50.79,76.57
2011/12/22,686076,50.75,49.86,52.16,51.64,77.85
2011/12/23,360171,51.05,51.05,52.28,51.44,77.55
2011/12/26,439346,51.15,50,51.79,50.26,75.77
2011/12/27,707726,49.99,47.6,50.15,47.6,71.76
2011/12/28,1235672,46.98,43.18,46.98,45.67,68.85
2011/12/29,638907,44.68,43.85,45.5,44.92,67.72
2011/12/30,636928,44.96,44.5,46.07,45.61,68.76
2012/1/4,567535,46,42.51,46.36,42.6,64.22
2012/1/5,1132045,42,39,42.07,39.2,59.09
2012/1/6,666229,38.93,38.41,39.81,39.2,59.09
2012/1/9,873611,39.67,38.86,40.49,40.45,60.98
2012/1/10,1134905,40.3,40.11,42.46,42.44,63.98
2012/1/11,829376,42.37,41.8,43.35,42.69,64.36
2012/1/12,653127,42.88,41.63,42.88,41.85,63.09
2012/1/13,927290,41.98,38.5,41.98,38.5,58.04
2012/1/16,1399407,38.2,36.2,38.2,36.99,55.76
2012/1/17,1633147,36.9,36.5,38.95,38.76,58.43
2012/1/18,1341216,38.81,35.55,38.84,35.81,53.98
2012/1/19,1146874,35.89,35.68,37.55,37.44,56.44
2012/1/20,1233457,36.99,36.99,39.41,39.4,59.4
2012/1/30,583477,39.3,38.2,39.85,38.73,58.39
2012/1/31,440660,38.7,37.98,38.79,38.56,58.13
2012/2/1,721148,38.3,38.3,40.3,39.45,59.47
2012/2/2,518179,39.2,39.2,40.3,40.28,60.72
2012/2/3,508522,40.14,40,41.05,40.81,61.52
2012/2/6,817308,40.98,40.91,42.85,41.57,62.67
2012/2/7,726860,41.51,40,42.29,40.43,60.95
2012/2/8,470855,40.5,40.33,41.49,41.44,62.47
2012/2/9,668672,41.48,41.44,42.35,42.19,63.6
2012/2/10,413752,42.59,41.5,42.97,41.89,63.15
2012/2/13,673355,41.26,41.23,43,43,64.82
2012/2/14,547144,43,42.21,43,42.55,64.14
2012/2/15,520472,42.5,42,42.99,42.8,64.52
2012/2/16,604684,42.98,42.22,43.3,42.7,64.37
2012/2/17,390186,42.9,42.2,42.98,42.5,64.07
2012/2/20,644569,42.95,42.6,43.25,42.65,64.3
2012/2/21,621613,42.7,42,43.99,43.99,66.32
2012/2/22,1053200,43.6,43.51,45.89,45.58,68.71
2012/2/23,561750,45.53,44.81,45.87,45.3,68.29
2012/2/24,1214863,45.48,45.1,45.8,45.55,68.67
2012/2/27,1328267,45.9,44.78,45.9,45.35,68.37
2012/2/28,923814,45.21,43.75,45.21,43.99,66.32
2012/2/29,462029,44.02,43.78,44.57,43.8,66.03
2012/3/1,458430,43.5,43.5,44.31,43.62,65.76
2012/3/2,545238,43.62,43.62,44.76,44.67,67.34
2012/3/5,448169,44.66,44.4,45.17,44.53,67.13
2012/3/6,804772,44.53,43,44.53,43.08,64.94
2012/3/7,585756,42.48,42.4,43.7,43.28,65.25
2012/3/8,666391,43.28,43.15,43.6,43.42,65.46
2012/3/9,1509272,43.49,43.48,45.74,45.73,68.94
2012/3/12,1857221,45.4,45,48.2,47.67,71.86
2012/3/13,1641113,47.68,46.5,47.74,47.5,71.61
2012/3/14,3078885,46.1,43.3,47.19,44,66.33
2012/3/15,1793092,43.51,42.02,43.97,42.18,63.59
2012/3/16,1055398,42.28,42.1,42.96,42.89,64.66
2012/3/19,935964,42.88,42.59,43.97,43.79,66.01
2012/3/20,884602,43.74,42.1,43.74,42.1,63.47
2012/3/21,868375,42.18,40.95,42.59,41.36,62.35
2012/3/22,376376,41.31,41.07,41.69,41.37,62.37
2012/3/23,497009,41.2,40.68,41.3,40.7,61.36
2012/3/26,475907,40.66,40.55,41.25,40.73,61.4
2012/3/27,714951,41.18,40.83,42.33,42.26,63.71
2012/3/28,648469,41.83,39.76,41.83,39.76,59.94
2012/3/29,678603,39.7,38.71,39.72,39.48,59.52
2012/3/30,264059,39.5,38.71,39.68,39.15,59.02
2012/4/5,495766,39.5,39.02,41.24,40.55,61.13
2012/4/6,421819,40.6,40.12,41.47,40.58,61.18
2012/4/9,407261,40.56,39.69,40.56,39.75,59.92
2012/4/10,465503,39.19,38.5,39.8,39.68,59.82
2012/4/11,310325,39.6,39.08,40.09,39.68,59.82
2012/4/12,704662,39.71,39.62,40.7,40.68,61.33
2012/4/16,493726,40.53,39.9,40.68,40.27,60.71
2012/4/17,738367,40.05,40.05,41.88,41.34,62.32
2012/4/18,630108,41.24,40.7,41.96,41.88,63.13
2012/4/19,1798044,41.7,41.2,43.44,42.88,64.64
2012/4/20,716501,42.56,42.36,42.97,42.93,64.72
2012/4/23,1142582,42.8,40.88,42.8,41.07,61.91
2012/4/24,780413,40.88,39.45,41.49,40.25,60.68
2012/4/25,504189,40.26,39.64,40.5,40.13,60.5
2012/4/26,446800,40.5,40.15,41.28,40.76,61.45
2012/4/27,367418,40.78,40.12,41.76,41.18,62.08
2012/5/2,680047,41.3,41.3,43.53,42.83,64.57
2012/5/3,897821,42.5,42.21,43.85,43.58,65.7
2012/5/4,774158,43.6,43.33,44.38,43.75,65.95
2012/5/7,1080372,36.28,35.5,36.75,36.4,66.3
2012/5/8,986083,36.2,36.19,36.57,36.43,66.36
2012/5/9,721161,36.32,35.52,36.36,35.66,64.96
2012/5/10,430227,35.66,35.55,36.46,35.88,65.36
2012/5/11,1347834,35.86,35.86,37.56,37.45,68.22
2012/5/14,783287,37.47,36.8,37.7,36.92,67.25
2012/5/15,1914856,37.8,37,38.99,37.41,68.14
2012/5/16,1148923,37.38,35.8,37.38,35.8,65.21
2012/5/17,621799,35.85,35.7,36.19,36.05,65.67
2012/5/18,675391,35.99,35.7,36.43,35.87,65.34
2012/5/21,737825,35.7,34.75,36,35.2,64.12
2012/5/22,819214,35.39,35.25,36.19,36.1,65.76
2012/5/23,1331759,36.04,35.88,37,36.7,66.85
2012/5/24,915095,36.7,36.42,37.57,36.95,67.31
2012/5/25,667784,36.75,36.56,37.36,36.62,66.7
2012/5/28,582104,36.43,35.83,36.77,36.62,66.7
2012/5/29,679118,36.62,36.62,37.19,37.09,67.56
2012/5/30,1251832,37.35,37.2,38.25,37.55,68.4
2012/5/31,677673,37.44,37.18,37.96,37.58,68.45
2012/6/1,420585,37.66,37.4,38.4,37.43,68.18
2012/6/4,700329,36.99,35.92,36.99,35.94,65.47
2012/6/5,771955,35.8,35.8,36.59,36.05,65.67
2012/6/6,562431,35.95,35.85,36.28,35.97,65.52
2012/6/7,511250,36.13,35.62,36.56,35.78,65.17
2012/6/8,661664,35.91,35,36.09,35.02,63.79
2012/6/11,416666,35.05,35.05,35.99,35.87,65.34
2012/6/12,545708,35.85,35.61,36.3,36.14,65.83
2012/6/13,1204418,36.25,36.25,37.78,37.54,68.38
2012/6/14,1518985,37.3,37.13,38.86,38.07,69.35
2012/6/15,688484,38.06,37.23,38.49,37.9,69.04
2012/6/18,1632903,37.71,37.7,39.5,39.35,71.68
2012/6/19,1042413,39.24,38.85,40.05,39.17,71.35
2012/6/20,590426,39.16,38.73,39.2,39.11,71.24
2012/6/21,555480,39.11,38.03,39.12,38.5,70.13
2012/6/25,553551,38.38,38.05,38.75,38.45,70.04
2012/6/26,780735,38.13,37.88,39.35,38.81,70.69
2012/6/27,348108,39.3,38.6,39.3,38.6,70.31
2012/6/28,697961,38.53,37.51,38.95,37.51,68.33
2012/6/29,617495,37.55,37.5,38.4,38.28,69.73
2012/7/2,857490,38.7,38.33,39.55,39.42,71.8
2012/7/3,729029,39.45,38.7,39.87,38.99,71.02
2012/7/4,499438,38.61,38.16,38.95,38.46,70.06
2012/7/5,430048,38.04,37.41,38.45,38.01,69.24
2012/7/6,954839,38.1,37.61,39.54,39.5,71.95
2012/7/9,2091694,40.68,39.4,41.7,39.42,71.8
2012/7/10,1310214,38.78,37.55,38.8,37.72,68.71
2012/7/11,930073,38.06,37.84,39.15,39.02,71.08
2012/7/12,1645451,39.03,38.07,40.45,40.42,73.63
2012/7/13,801397,39.75,39.62,40.66,39.87,72.62
2012/7/16,1087835,39.65,38.38,39.98,38.67,70.44
2012/7/17,332047,38.38,38.17,38.9,38.85,70.77
2012/7/18,918851,38.95,38.36,40.08,40.02,72.9
2012/7/19,2379324,39.89,39.56,41.63,40.81,74.34
2012/7/20,893879,41.3,40.33,41.3,40.53,73.83
2012/7/23,1425004,40.6,40.15,42.39,42.1,76.69
2012/7/24,776528,41.99,41.52,42.47,42.15,76.78
2012/7/25,787177,41.94,41.08,42.1,41.66,75.88
2012/7/26,862481,41.58,40.98,42.44,40.98,74.65
2012/7/27,744036,40.99,39.9,41.36,40.27,73.35
2012/7/30,932211,41.37,39,41.9,39.31,71.6
2012/7/31,1086831,38.96,38.62,40.3,40.03,72.92
2012/8/1,557718,39.8,39.78,41.48,40.45,73.68
2012/8/2,394668,40.65,40.08,40.95,40.42,73.63
2012/8/3,1717091,40.21,40.21,42.56,42.44,77.31
2012/8/6,2050976,42.81,42.8,44.27,43.45,79.14
2012/8/7,2559648,43,43,45.8,45.6,83.06
2012/8/8,871678,45.6,44.51,45.6,45,81.97
2012/8/9,1598921,44.98,44.65,46.85,46.76,85.17
2012/8/10,702271,46.6,45.51,47,45.89,83.59
2012/8/13,1503281,46.27,44.31,46.27,44.31,80.71
2012/8/14,863807,44.32,43.93,45.89,45.8,83.43
2012/8/15,880508,45.77,44.87,45.9,45.16,82.26
2012/8/16,983977,45.02,43.65,45.29,43.8,79.78
2012/8/17,524456,43.69,43.51,44.62,44.21,80.53
2012/8/20,685977,44,43.51,46.38,46.15,84.06
2012/8/21,1247514,46.24,46,48,46.87,85.37
2012/8/22,1036147,46.26,46,47.49,46.29,84.32
2012/8/23,917587,46.19,45.1,46.46,45.35,82.61
2012/8/24,720545,45.23,44.35,46.85,46.2,84.15
2012/8/27,675871,46.1,44.71,46.37,45.05,82.06
2012/8/28,1611272,45.35,43.12,45.35,43.5,79.24
2012/8/29,1163273,43.2,42.42,43.69,43.26,78.8
2012/8/30,1110956,43.1,40.9,43.34,41.53,75.65
2012/8/31,336925,41.21,41.21,42.4,42.08,76.65
2012/9/3,556562,42,41.99,43.47,43.33,78.93
2012/9/4,540048,43.38,42.81,43.97,43.22,78.73
2012/9/5,382902,42.96,42.81,43.87,43.67,79.55
2012/9/6,695821,45,43.55,45,44.19,80.49
2012/9/7,1529624,44.16,44.03,45.41,44.93,81.84
2012/9/10,1087377,45,44.4,45.68,44.96,81.9
2012/9/11,1045291,45.08,44.8,45.65,45.47,82.82
2012/9/12,1037756,45.48,44.4,45.83,44.83,81.66
2012/9/13,1683697,44.48,43.35,44.82,43.45,79.14
2012/9/14,1209265,43.06,42.9,43.74,43.18,78.65
2012/9/17,1212799,42.95,41,42.95,41,74.68
2012/9/18,538259,41,40.51,41.56,41.22,75.08
2012/9/19,628227,41.25,41.06,42.33,41.42,75.45
2012/9/20,680594,41.26,39.98,41.83,40.08,73.01
2012/9/21,825696,40,38.68,40.43,39,71.04
2012/9/24,664156,39,38.33,39.4,39.01,71.06
2012/9/25,286862,38.9,38.85,39.44,39,71.04
2012/9/26,961518,38.92,37.28,39.27,37.5,68.31
2012/9/27,747268,37.8,37.6,38.3,38.1,69.4
2012/9/28,673639,37.79,37.72,38.5,38.46,70.06
2012/10/8,579231,38.5,38.03,39.18,39.11,71.24
2012/10/9,745704,38.81,38.81,40.4,40.2,73.22
2012/10/10,681036,40.42,39.78,40.52,40,72.86
2012/10/11,1543800,40.1,40.1,44,40.55,73.86
2012/10/12,1159657,40.54,39.3,41.38,39.5,71.95
2012/10/15,1318887,39.53,37.73,39.76,38.3,69.76
2012/10/16,604378,38.28,38.01,38.97,38.4,69.95
2012/10/17,602804,38.4,38.19,38.98,38.88,70.82
2012/10/18,644020,38.85,38.68,39.45,39.2,71.4
2012/10/19,748287,39.37,38.18,39.39,38.47,70.07
2012/10/22,529154,38.17,38.17,38.6,38.51,70.15
2012/10/23,575799,38.49,38.03,38.67,38.22,69.62
2012/10/24,503072,37.95,37.8,38.25,37.93,69.09
2012/10/25,524108,37.93,37.79,38.35,38.3,69.76
2012/10/26,1173499,38.3,36.36,38.3,36.39,66.29
2012/10/29,461015,36.44,36.33,36.76,36.45,66.39
2012/10/30,436250,36.33,36.33,36.99,36.64,66.74
2012/10/31,677292,36.5,35.72,36.58,36.18,65.9
2012/11/1,883684,36.3,36.12,36.9,36.48,66.45
2012/11/2,401818,36.48,36.31,36.7,36.6,66.67
2012/11/5,501072,36.55,36.38,37.05,36.93,67.27
2012/11/6,1003481,36.93,35.28,36.93,35.87,65.34
2012/11/7,484813,35.87,35.32,35.9,35.66,64.96
2012/11/8,381215,35.35,35.23,35.56,35.26,64.23
2012/11/9,1326636,35.67,35.67,37.5,36.28,66.08
2012/11/12,766409,36,36,36.7,36.23,65.99
2012/11/13,548415,36.21,35.44,36.37,35.6,64.85
2012/11/14,565816,35.81,35.65,36.66,36.5,66.49
2012/11/15,558923,36.37,35.92,36.99,36.56,66.59
2012/11/16,458241,36.73,36.13,36.86,36.77,66.98
2012/11/19,797918,36.8,36.3,37.33,37.06,67.51
2012/11/20,878430,37.1,37.1,37.8,37.26,67.87
2012/11/21,513309,37.26,36.81,37.48,37.45,68.22
2012/11/22,507675,37.45,36.46,37.45,36.64,66.74
2012/11/23,423751,36.52,36.48,37.27,37.27,67.89
2012/11/26,246526,36.83,36.49,37.37,36.49,66.47
2012/11/27,748690,36.5,35,36.67,35.05,63.84
2012/11/28,270065,35,34.7,35.22,35.07,63.88
2012/11/29,377041,35.18,35,35.5,35.18,64.08
2012/11/30,550877,35.38,33.58,35.49,34,61.93
2012/12/3,860345,33.78,32.38,34.47,32.48,59.16
2012/12/4,1005306,32.8,31,32.99,32.87,59.87
2012/12/5,1091305,32.48,32.4,33.99,33.53,61.08
2012/12/6,599670,33.53,32.75,33.53,32.87,59.87
2012/12/7,656192,32.75,32.75,33.6,33.55,61.11
2012/12/10,970670,33.54,33.15,34.1,34.03,61.99
2012/12/11,997935,33.89,33.3,33.99,33.64,61.28
2012/12/12,379864,33.51,32.9,33.65,33.27,60.6
2012/12/13,328463,33.23,33,33.55,33.22,60.51
2012/12/14,1070711,33.11,33.11,34.59,34.35,62.57
2012/12/17,754418,34.35,33.75,34.59,34.17,62.24
2012/12/18,1931997,35.52,34.81,36.7,34.86,63.5
2012/12/19,1114795,34.64,34.51,35.98,35.5,64.66
2012/12/20,1094125,35.26,34.45,35.33,35.2,64.12
2012/12/21,1020740,35.4,34.71,36.25,35.82,65.25
2012/12/24,1655692,35.82,35.51,37.7,37.37,68.07
2012/12/25,1533502,37.58,37.03,38.47,38.3,69.76
2012/12/26,2102784,38.31,37.48,38.31,38.13,69.45
2012/12/27,1729515,38.12,36.83,38.2,36.98,67.36
2012/12/28,931102,36.99,36.62,37.56,37.22,67.8
2012/12/31,1181029,37.39,36.68,37.48,37.35,68.03
2013/1/4,1104840,37.58,36.75,37.74,36.9,67.21
2013/1/7,4184852,38.11,38.11,40.5,40.15,73.13
2013/1/8,3275078,40.5,39.17,40.96,40.01,72.88
2013/1/9,2157495,39.85,38.75,39.88,39.03,71.09
2013/1/10,1783920,38.93,38.5,39.22,39.15,71.31
2013/1/11,1720489,39.16,38.8,39.43,38.86,70.78
2013/1/14,3286723,39.55,39.5,41.5,41.38,75.37
2013/1/15,3201037,41.6,41.08,42.93,41.1,74.86
2013/1/16,1597386,41,40.18,41,40.37,73.53
2013/1/17,1053747,40.2,40.11,40.98,40.3,73.41
2013/1/18,1290518,40.69,40.31,41.54,41.19,75.03
2013/1/21,1409246,41.2,40.36,41.36,40.48,73.74
2013/1/22,1415507,40.7,39.4,41.2,39.8,72.5
2013/1/23,2228454,39.77,39.51,41.87,41.83,76.19
2013/1/24,2507565,42.01,40.78,43.67,41.5,75.59
2013/1/25,844531,41.8,41.03,41.96,41.51,75.61
2013/1/28,1355272,41.22,41.22,42.59,42.37,77.18
2013/1/29,944606,42.55,41.83,42.98,42.28,77.01
2013/1/30,1097901,42.28,41.18,42.31,41.5,75.59
2013/1/31,1400421,41.5,40.39,41.75,40.72,74.17
2013/2/1,780101,40.72,40.36,41,40.9,74.5
2013/2/4,1150652,41.14,39.82,41.17,39.96,72.79
2013/2/5,711926,39.75,39.51,40.77,40.49,73.75
2013/2/6,741289,40.57,40.4,41.26,40.98,74.65
2013/2/7,1100116,40.8,40.8,42.8,41.79,76.12
2013/2/8,1333290,42,41.69,42.52,42.39,77.21
2013/2/18,1132066,42.55,41.89,42.79,42.03,76.56
2013/2/19,1255430,42.01,40.8,42.33,41.06,74.79
2013/2/20,2094464,41,40.8,42.46,42.46,77.34
2013/2/21,3006963,42.38,41.88,43.98,42.76,77.89
2013/2/22,1066298,42.4,42.11,42.85,42.42,77.27
2013/2/25,1401263,42.42,41.6,43.17,43.14,78.58
2013/2/26,3159123,42.93,42.64,45.46,44.02,80.18
2013/2/27,1663859,43.9,43.02,45.37,43.38,79.02
2013/2/28,1184949,43.3,42.69,44.18,43.68,79.56
2013/3/1,1374268,44,43.51,45.1,45.06,82.08
2013/3/4,2057414,44.99,44.1,46.3,44.53,81.11
2013/3/5,1969202,43.99,43.99,45.39,45.17,82.28
2013/3/6,1602318,45.24,45.1,45.96,45.21,82.35
2013/3/7,2317028,45.22,43.1,45.3,43.42,79.09
2013/3/8,852009,43.45,43.06,43.85,43.08,78.47
2013/3/11,605915,43.09,42.62,43.52,43.48,79.2
2013/3/12,1834967,43.4,40.68,43.59,40.7,74.14
2013/3/13,770340,40.77,40.13,41.06,40.8,74.32
2013/3/14,675524,40.79,40.7,41.28,40.99,74.66
2013/3/15,669019,40.39,40.39,41.96,41.02,74.72
2013/3/18,568027,41,40.9,41.9,41.07,74.81
2013/3/19,723384,41,40.68,41.79,41.73,76.01
2013/3/20,734901,41.55,41.55,42.84,42.56,77.52
2013/3/21,1662407,42.28,42.28,44.36,44.28,80.66
2013/3/22,1039875,44.01,43.4,45.3,44.04,80.22
2013/3/25,1128177,43.8,42.98,44.9,44.39,80.86
2013/3/26,948012,44.29,42.91,44.29,43.37,79
2013/3/27,660915,43.68,43.06,43.92,43.74,79.67
2013/3/28,866258,43.3,42,43.48,42.17,76.81
2013/3/29,812004,42.15,41.66,42.59,42.01,76.52
2013/4/1,920064,42.49,42.22,42.82,42.56,77.52
2013/4/2,1124505,42.37,40.3,42.99,40.56,73.88
2013/4/3,1147684,40.89,40.5,41.7,41.2,75.05
2013/4/8,1165551,41.39,40.4,41.4,40.44,73.66
2013/4/9,764023,40.32,40.32,40.72,40.5,73.77
2013/4/10,730266,40.44,39.4,40.68,40.05,72.95
2013/4/11,622575,40.37,39.65,40.37,39.69,72.3
2013/4/12,428436,39.7,39.45,39.88,39.52,71.99
2013/4/15,649720,39.6,39.15,40.18,39.53,72
2013/4/16,1081539,39.13,38.84,39.45,39.4,71.77
2013/4/17,818301,39.45,39.15,40.05,39.45,71.86
2013/4/18,1565844,38.98,38.5,39.27,39.2,71.4
2013/4/19,1226125,39.25,39.02,40.48,40.43,73.64
2013/4/22,807456,40.34,40.09,41,40.56,73.88
2013/4/23,770339,40.58,38.9,40.66,39,71.04
2013/4/24,627039,39.06,38.94,40.25,40.1,73.04
2013/4/25,1066562,40,39.13,40.96,39.38,71.73
2013/4/26,636275,39.24,39.22,40.29,39.32,71.62
2013/5/2,1221697,39.09,37.83,39.14,38.22,69.62
2013/5/3,804681,37.97,37.97,38.9,38.53,70.18
2013/5/6,634232,38.55,38.53,39.26,38.96,70.97
2013/5/7,393704,39.08,38.73,39.38,38.95,70.95
2013/5/8,743113,38.96,38.96,40.32,40.25,73.32
2013/5/9,676601,40.03,39.67,40.38,40.08,73.01
2013/5/10,684628,39.83,39.7,40.98,40.45,73.68
2013/5/13,908301,40.35,39.5,40.45,39.85,72.59
2013/5/14,621151,39.86,38.6,39.94,39,71.04
2013/5/15,622850,39.17,38.54,39.58,39.49,71.93
2013/5/16,1048646,39.37,38.9,40.37,39.43,71.82
2013/5/17,1249360,39.12,38.9,40.43,40.09,73.02
2013/5/20,1279243,39.95,39.71,40.93,40.8,74.32
2013/5/21,1275695,40.78,40.56,41.7,41.51,75.61
2013/5/22,939021,41.3,40.56,41.79,40.74,74.21
2013/5/23,780150,40.65,40.42,41.36,40.6,73.95
2013/5/24,1157859,40.59,40.02,41.38,41.28,75.19
2013/5/27,1376883,41.2,40.2,41.36,40.88,74.46
2013/5/28,1386376,40.9,39.82,40.97,40.56,73.88
2013/5/29,1486329,40.51,40.26,41.29,41.29,75.21
2013/5/30,1528139,41.11,41.11,42.38,41.69,75.94
2013/5/31,1446938,41.58,40.8,41.78,41.3,75.23
2013/6/3,1337989,41.3,40.08,41.48,40.35,73.5
2013/6/4,1696511,40.3,38.01,40.3,38.24,69.65
2013/6/5,772011,38.2,38.11,38.8,38.41,69.96
2013/6/6,1002935,38.4,37.16,38.58,37.34,68.02
2013/6/7,1018641,37.2,36,37.52,36.68,66.81
2013/6/13,1087949,36.42,35.32,36.79,36.68,66.81
2013/6/14,821736,36.82,36.8,37.87,37.57,68.43
2013/6/17,1005979,37.53,37.31,38.46,37.56,68.42
2013/6/18,648600,37.47,36.7,37.47,37.08,67.54
2013/6/19,1188725,36.71,36.53,37.7,37.5,68.77
2013/6/20,830499,37.02,36,38,36.1,66.2
2013/6/21,951421,35.81,35.08,37.68,37.37,68.53
2013/6/24,941435,36.91,34.8,37.34,35.69,65.45
2013/6/25,1694148,35.8,33.69,36.67,35.03,64.24
2013/6/26,1238998,35,34.99,36.8,36.68,67.27
2013/6/27,1732685,36.6,36.6,38.8,37.29,68.39
2013/6/28,807395,37.5,36.83,37.87,37.29,68.39
2013/7/1,1149267,37,36.7,38.49,38.34,70.31
2013/7/2,1364255,38.1,37.62,38.8,38.51,70.62
2013/7/3,1155893,38.24,37.9,39.17,38.88,71.3
2013/7/4,1449570,38.68,38.26,40.19,39.25,71.98
2013/7/5,1230141,39.25,38.3,40.25,38.5,70.6
2013/7/8,1118857,37.68,37.01,38.35,37.4,68.59
2013/7/9,618633,37.15,36.72,37.7,37.4,68.59
2013/7/10,2080570,37.6,37.38,40.7,40.67,74.58
2013/7/12,4089868,40.5,39.8,42.65,39.93,73.23
2013/7/15,2010892,39.3,39.2,40.86,40.6,74.46
2013/7/16,1593114,40.6,40.3,41.84,41.25,75.65
2013/7/17,1981433,41.02,39.4,41.28,39.5,72.44
2013/7/18,1396517,39.35,39.3,40.3,40.18,73.69
2013/7/19,1291006,40.01,39.56,41.08,39.7,72.81
2013/7/22,1063214,39.5,39.21,40.52,40.52,74.31
2013/7/23,1654918,40.99,40.4,41.45,40.9,75.01
2013/7/24,2687181,40.79,40.52,42.49,42.38,77.72
2013/7/25,1872146,42.3,40.4,42.3,40.71,74.66
2013/7/26,1014271,40.66,40.16,41.15,40.88,74.97
2013/7/29,763591,40.78,39.8,40.85,40.16,73.65
2013/7/30,762054,40.3,39.31,40.77,39.94,73.25
2013/7/31,1616938,39.94,38,40.2,38.27,70.18
2013/8/1,963863,38.3,38.27,39.25,39.21,71.91
2013/8/2,1361818,39.23,39.1,40.33,39.95,73.26
2013/8/5,754437,39.95,39.52,40.28,40.1,73.54
2013/8/6,942250,40.08,40.08,40.77,40.31,73.92
2013/8/7,960674,40.65,39.88,40.65,40.54,74.35
2013/8/8,2889152,40.54,40.44,43.98,43.23,79.28
2013/8/9,1679093,43,42.17,43.3,42.91,78.69
2013/8/12,2526764,42.7,42.7,44.8,44.28,81.2
2013/8/13,1873790,44.27,43.88,45.53,44.8,82.16
2013/8/14,1042510,44.59,43.91,45,44.2,81.06
2013/8/15,1174584,43.83,42.85,44.82,44.19,81.04
2013/8/16,898407,43.66,42,44.4,42.1,77.21
2013/8/19,589936,41.9,41.7,42.98,42.8,78.49
2013/8/20,662153,42.87,42.38,43.25,42.62,78.16
2013/8/21,465381,42.62,42.23,42.8,42.31,77.59
2013/8/22,561318,42.29,42.15,43.29,43.1,79.04
2013/8/23,1131030,42.8,42.35,43.68,42.7,78.31
2013/8/26,570837,42.72,42.41,43.61,43.58,79.92
2013/8/27,719852,43.5,42.91,44.34,43.68,80.1
2013/8/28,1380198,43.48,41.8,43.48,41.8,76.66
2013/8/29,741515,41.85,41.05,42.18,41.1,75.37
2013/8/30,536733,41.08,40.55,41.6,40.61,74.47
2013/9/2,318227,40.51,40.5,41.55,41.43,75.98
2013/9/3,421682,41.5,41.5,42.24,41.91,76.86
2013/9/4,564794,41.92,41.1,42.18,41.3,75.74
2013/9/5,528719,41.55,41.37,42.48,41.75,76.56
2013/9/6,516782,41.57,41.14,41.88,41.18,75.52
2013/9/9,1653770,40.8,39.23,40.81,39.64,72.69
2013/9/10,646965,39.66,39.39,39.83,39.55,72.53
2013/9/11,998584,39.54,38.44,39.55,38.76,71.08
2013/9/12,471745,38.64,38.54,39.16,38.7,70.97
2013/9/13,653289,38.74,38.39,39.38,39.38,72.22
2013/9/16,579571,39.48,39.4,39.96,39.51,72.46
2013/9/17,547293,39.58,38.6,39.88,38.76,71.08
2013/9/18,333315,38.76,38.63,39.4,39.1,71.7
2013/9/23,1378522,39.2,39.2,40.2,39.98,73.32
2013/9/24,629896,39.93,39.48,40.05,39.7,72.81
2013/9/25,1194151,39.69,38.15,39.7,38.28,70.2
2013/9/26,753933,38.38,37.9,38.48,37.92,69.54
2013/9/27,712706,38.2,38,38.96,38.6,70.79
2013/9/30,783605,38.08,38.02,39.29,38.93,71.39
2013/10/8,1028501,38.11,38.11,39.6,39.35,72.16
2013/10/9,1635037,39.32,39.16,40.3,40.04,73.43
2013/10/10,1359074,40.29,39.33,40.67,39.37,72.2
2013/10/11,831479,39.45,39.38,40.5,39.84,73.06
2013/10/14,2559806,37.5,37.5,38.97,37.96,69.61
2013/10/15,1537742,38.09,37.2,38.23,37.31,68.42
2013/10/16,5848244,38.45,38.01,41.04,41.04,75.26
2013/10/17,3385271,41.54,39.5,41.54,39.63,72.68
2013/10/18,2274947,39.51,38.31,39.87,38.85,71.25
2013/10/21,2111691,38.51,37.8,39.64,39.45,72.35
2013/10/22,1814923,39.09,38.22,39.49,38.35,70.33
2013/10/23,1177253,38.1,37.32,38.2,37.6,68.95
2013/10/24,576708,37.6,37.5,38.1,37.68,69.1
2013/10/25,1053292,37.76,36.66,37.93,36.78,67.45
2013/10/28,984654,36.29,35.5,36.95,36.67,67.25
2013/10/29,1316058,36.54,34.2,36.92,34.57,63.4
2013/10/30,1003987,34.49,34.03,34.7,34.31,62.92
2013/10/31,676950,34.4,34.13,34.87,34.55,63.36
2013/11/1,607858,34.42,33.7,34.67,34.44,63.16
2013/11/4,543738,34.68,34.3,35,34.81,63.84
2013/11/5,533469,34.79,34.02,35.02,34.88,63.97
2013/11/6,707235,34.85,34.46,35.19,34.53,63.32
2013/11/7,646267,34.35,33.81,34.5,34.06,62.46
2013/11/8,376168,34.12,33.78,34.26,33.94,62.24
2013/11/11,709620,33.99,33.82,34.94,34.79,63.8
2013/11/12,705950,34.79,34.51,35.4,35.2,64.55
2013/11/13,408904,35.15,34.5,35.2,34.54,63.34
2013/11/14,652871,34.59,34.2,35.14,35.06,64.3
2013/11/15,1032298,35.05,34.84,35.5,35.32,64.77
2013/11/18,1410418,35.5,35.27,37.34,36.58,67.08
2013/11/19,1026187,36.68,36.15,36.76,36.21,66.4
2013/11/20,662271,36.25,35.8,36.5,36.28,66.53
2013/11/21,529902,36.15,35.55,36.33,35.79,65.63
2013/11/22,472179,35.77,35.52,36.03,35.93,65.89
2013/11/25,541111,35.84,35.57,36.4,36.04,66.09
2013/11/26,992847,36.25,36.09,36.94,36.55,67.03
2013/11/27,1288504,36.4,35.13,36.5,36.16,66.31
2013/11/28,1030910,36.2,36.05,36.89,36.7,67.3
2013/11/29,1462970,36.52,36.46,38,37.65,69.05
2013/12/2,1465336,36.5,35.17,36.5,35.2,64.55
2013/12/3,1089613,35.1,34.56,35.64,35.55,65.19
2013/12/4,968734,35.61,35.36,36.2,35.55,65.19
2013/12/5,1514001,35.54,34.48,35.54,34.5,63.27
2013/12/6,885496,34.31,34.2,35.22,34.83,63.87
2013/12/9,623085,34.88,34.62,35.16,35.08,64.33
2013/12/10,852183,35,34.69,35.69,35.45,65.01
2013/12/11,1238270,35.31,34.8,35.38,34.93,64.06
2013/12/12,1354798,34.99,34.75,35.8,35.63,65.34
2013/12/13,1307012,35.79,35,35.97,35.3,64.74
2013/12/16,942326,35.02,34.34,35.37,34.4,63.09
2013/12/17,816963,34.45,34.44,35.07,34.75,63.73
2013/12/18,757482,34.79,34.66,35.56,35.41,64.94
2013/12/19,1467649,35.7,35.32,36.47,35.43,64.97
2013/12/20,1337435,35.4,35.1,36.5,35.74,65.54
2013/12/23,2455163,35.83,35.82,37.89,37.3,68.4
2013/12/24,1393822,37.33,36.71,37.49,36.95,67.76
2013/12/25,2117394,36.8,36.1,37.86,37.6,68.95
2013/12/26,1537730,37.6,37.05,38.21,37.23,68.28
2013/12/27,972658,37.28,36.81,37.56,37.08,68
2013/12/30,2417427,37.26,36.44,39.08,39,71.52
2013/12/31,1159752,38.53,38.38,39.2,38.99,71.5
2014/1/2,1562482,39.28,38.7,39.75,39,71.52
2014/1/3,889075,38.97,38.38,39.13,38.88,71.3
2014/1/6,1130587,38.61,37.2,38.87,37.26,68.33
2014/1/7,1098730,37.18,37.05,38.28,37.82,69.36
2014/1/8,1550062,38.28,37.87,39.1,37.99,69.67
2014/1/9,1593131,37.91,36.91,39.1,38.24,70.13
2014/1/10,841459,38.13,37,38.6,37.3,68.4
2014/1/13,1765219,36.99,35.99,37.64,36.6,67.12
2014/1/14,1074615,36.5,36.43,38.36,38.18,70.02
2014/1/15,1499707,37.75,37.75,39.46,38.89,71.32
2014/1/16,1002585,39.05,38.17,39.39,38.3,70.24
2014/1/17,1129489,38.3,38.3,39.33,38.81,71.17
2014/1/20,948014,38.75,37.5,39.1,38.99,71.5
2014/1/21,1554605,38.84,38.68,40.4,39.86,73.1
2014/1/22,1747746,39.88,39.45,40.67,40.11,73.56
2014/1/23,4379469,41,40.75,43.98,43,78.86
2014/1/24,4835887,42.65,42.42,46.4,45.68,83.77
2014/1/27,1573439,45.13,44.8,46.25,45.79,83.97
2014/1/28,2644312,45.67,45.67,47.3,47.01,86.21
2014/1/29,1258364,47.14,45.4,47.3,46.7,85.64
2014/1/30,1849116,46.48,44.5,47.05,45.19,82.87
2014/2/7,1731938,45,44,45.19,45,82.52
2014/2/10,1923696,44.99,44.82,46.59,45.92,84.21
2014/2/11,2980633,45.48,45.48,50.27,49.11,90.06
2014/2/12,1351496,49.31,48.11,50.11,49.61,90.98
2014/2/13,1883345,49.3,48.88,51.52,49.02,89.9
2014/2/14,1737581,48.96,48.52,50.3,49.54,90.85
2014/2/17,1321301,49.5,49.33,51.19,50.62,92.83
2014/2/18,1288293,50.6,49.5,50.98,49.7,91.14
2014/2/19,976165,49.69,48.65,50.34,49.38,90.56
2014/2/20,1243677,49.39,47.8,49.86,48.8,89.49
2014/2/21,1320921,48.8,48.55,50.49,49.8,91.33
2014/2/24,2219862,50,49.77,52.15,52,95.36
2014/2/25,4942735,52.4,52.15,57.13,53.93,98.9
2014/2/26,2516805,53,51.3,55.4,53.68,98.44
2014/2/27,1856887,53.85,51.81,54.37,52.33,95.97
2014/2/28,1439018,51.3,50.11,53.43,53.26,97.67
2014/3/3,1757477,53,51.02,53.75,51.95,95.27
2014/3/4,2250896,51.9,50.88,56,52.5,96.28
2014/3/5,1045759,51.9,51.5,53.97,52.45,96.19
2014/3/6,1247762,52.15,51.5,53.21,53.12,97.42
2014/3/7,1001603,53.67,52.7,55,53.57,98.24
2014/3/10,782016,53.39,51.9,53.5,51.91,95.2
2014/3/11,1311782,51.61,49.55,51.61,50.8,93.16
2014/3/12,832232,51.35,49.8,51.35,50.87,93.29
2014/3/13,888089,50.9,50.45,52.45,52.14,95.62
2014/3/14,578771,52,50.85,52.21,50.9,93.34
2014/3/17,804484,50.36,50.36,52.36,52.23,95.78
2014/3/18,1299948,52.5,52.2,54.5,54.09,99.19
2014/3/19,1038758,53.52,53.5,55.2,54,99.03
2014/3/20,1110223,53.5,50.69,54.35,50.99,93.51
2014/3/21,1105643,50.95,49.9,52.4,52.3,95.91
2014/3/24,1112909,51.98,50.77,53.2,51.71,94.83
2014/3/25,682607,51.9,50.83,52.18,51.06,93.64
2014/3/26,975535,51.02,49.76,51.48,49.78,91.29
2014/3/27,1142856,49.5,47.82,50,47.83,87.71
2014/3/28,1770273,47.8,45.2,47.99,45.21,82.91
2014/3/31,781710,45.12,44.14,45.8,45.7,83.81
2014/4/1,697351,45.55,45.02,46.33,46.1,84.54
2014/4/2,649936,46.24,44.44,46.39,45,82.52
2014/4/3,560123,45,45,46.49,46,84.36
2014/4/4,501044,46.14,45.72,46.35,46.2,84.73
2014/4/8,860285,43.8,43.6,46.29,46.15,84.63
2014/4/9,526394,45.99,45.7,47.1,46.12,84.58
2014/4/10,641811,46,45.8,47.51,46.8,85.83
2014/4/11,386695,46.6,46.04,46.87,46.68,85.61
2014/4/14,379304,46.2,46.2,47,46.89,85.99
2014/4/15,712980,46.66,46.64,48.01,47.6,87.29
2014/4/16,324751,47.4,47,48.2,47.56,87.22
2014/4/17,424304,48,46.84,48.4,47.43,86.98
2014/4/18,583713,47.41,46.2,47.41,46.49,85.26
2014/4/21,450054,46.2,45.68,46.5,45.81,84.01
2014/4/22,360026,45.91,44,46.07,45.4,83.26
2014/4/23,363648,45.75,44.88,45.95,45.14,82.78
2014/4/24,378449,45.28,44.53,45.5,45.45,83.35
2014/4/25,352477,45.58,45.1,46.13,45.17,82.84
2014/4/28,878110,44.89,42.9,45.82,43.18,79.19
2014/4/29,891471,43.18,41.8,43.9,42.12,77.24
2014/4/30,462656,42.09,42.09,43.44,42.96,78.78
2014/5/5,427093,42.81,42.81,43.9,43.34,79.48
2014/5/6,351069,43.59,43.56,44.09,43.99,80.67
2014/5/7,192446,43.89,43.1,43.89,43.18,79.19
2014/5/8,239904,43.5,42.81,43.58,42.85,78.58
2014/5/9,253896,42.66,42.66,43.3,43.2,79.22
2014/5/12,480915,43.3,43,43.78,43.58,79.92
2014/5/13,320633,43.68,43.6,44.39,43.89,80.49
2014/5/14,481621,44.2,43.81,44.6,44.5,81.61
2014/5/15,526073,44.4,43.82,44.8,43.94,80.58
2014/5/16,376815,44.29,42.61,44.49,42.96,78.78
2014/5/19,227329,42.56,42.5,43.29,42.79,78.47
2014/5/20,438140,43.18,42.3,43.64,42.35,77.66
2014/5/21,500108,42.35,41.96,42.64,42.36,77.68
2014/5/22,624407,42.55,41.62,43.1,41.97,76.97
2014/5/23,1076712,41.8,40.65,41.99,41.41,75.94
2014/5/26,871117,41.42,41.42,42.84,42.5,77.94
2014/5/27,461285,42.6,41,42.68,41.8,76.66
2014/5/28,1537096,41.87,41.7,43.8,43.52,79.81
2014/5/29,981202,43.6,43.04,43.7,43.52,79.81
2014/5/30,1370496,33.44,33.1,35.18,34.7,82.82
2014/6/3,1400656,34.44,34.36,36,34.88,83.25
2014/6/4,708416,35.05,34.6,35.5,35,83.54
2014/6/5,866249,34.9,34.8,35.54,35.35,84.37
2014/6/6,791687,35.36,34.4,35.6,34.8,83.06
2014/6/9,447357,34.85,34.29,34.99,34.4,82.11
2014/6/10,691490,34.36,34.36,35.1,34.81,83.08
2014/6/11,452730,34.65,34.61,35.25,35.01,83.56
2014/6/12,526193,34.8,34.73,35.41,35.18,83.97
2014/6/13,1060042,35.18,35.18,36.55,36.25,86.52
2014/6/16,960149,36.36,35.52,36.39,35.6,84.97
2014/6/17,654147,35.61,34.98,35.75,35.06,83.68
2014/6/18,575007,35.02,34.58,35.2,34.8,83.06
2014/6/19,714661,34.96,33,35.17,33.72,80.48
2014/6/20,465806,33.87,33.45,34.3,34,81.15
2014/6/23,646359,34,33.8,34.61,34.11,81.41
2014/6/24,694102,34.12,34.12,34.82,34.24,81.72
2014/6/25,680784,34.64,33.6,34.74,33.73,80.51
2014/6/26,644874,33.95,33.76,34.35,34.19,81.6
2014/6/27,638267,34.22,33.94,34.8,34.45,82.22
2014/6/30,750307,34.4,34,34.78,34.73,82.89
2014/7/1,727319,34.55,34.07,34.72,34.3,81.87
2014/7/2,1602518,34.3,34.23,35.45,35.45,84.61
2014/7/3,2601653,35.98,35.11,37.13,36,85.92
2014/7/4,1135395,35.85,35.4,36.5,35.56,84.87
2014/7/7,869736,35.65,35.3,35.95,35.68,85.16
2014/7/8,1733961,35.6,35.38,37.5,36.71,87.62
2014/7/9,1478664,36.71,35.35,37,35.51,84.75
2014/7/10,1025662,35.5,35.1,35.87,35.6,84.97
2014/7/11,701062,35.55,35.34,35.95,35.49,84.71
2014/7/14,793781,35.14,35.07,35.89,35.62,85.02
2014/7/15,1115194,35.62,34.34,35.8,34.62,82.63
2014/7/16,1226881,34.6,33.02,34.76,33.42,79.77
2014/7/17,746563,33.42,33.1,33.69,33.15,79.12
2014/7/18,723063,33.2,33.2,33.88,33.5,79.96
2014/7/21,663649,33.6,33.3,34.06,33.59,80.17
2014/7/22,680772,33.59,33.22,33.95,33.8,80.67
2014/7/23,4131990,33.78,30.42,33.78,31.17,74.4
2014/7/24,1720436,30.98,30.32,31.79,30.56,72.94
2014/7/25,836900,30.72,30.59,31.7,31.25,74.59
2014/7/28,1471483,31.7,31.49,32.32,31.73,75.73
2014/7/29,1745297,32.85,32.08,33,32.2,76.85
2014/8/5,2504752,35.3,34.68,35.42,35.42,84.54
2014/8/6,6788073,36.5,35.88,38.2,37.03,88.38
2014/8/7,2743954,36.87,35.61,36.87,35.77,85.38
2014/8/8,2133665,35.44,35.44,36.69,36.48,87.07
2014/8/11,2350156,36.53,36.53,37.6,37.33,89.1
2014/8/12,1137983,37.33,37.1,37.8,37.32,89.07
2014/8/13,1262999,37.13,36.2,37.27,36.72,87.64
2014/8/14,647084,36.72,36.03,37.4,36.71,87.62
2014/8/15,940629,37.3,36.82,37.99,37.01,88.33
2014/8/18,1161699,37.01,36.52,37.5,37.42,89.31
2014/8/19,991794,37.42,36.9,37.8,37.2,88.79
2014/8/20,764798,37.29,36.8,37.34,37.02,88.36
2014/8/21,1208548,37.02,36.09,37.18,36.45,87
2014/8/22,1072664,36.54,36.14,36.88,36.57,87.28
2014/8/25,3120578,36.6,36.58,38.95,38.42,91.7
2014/8/26,2126052,38.7,36.9,38.7,37.6,89.74
2014/8/27,768921,37.58,36.8,37.73,37,88.31
2014/8/28,1855415,36.79,36.6,38.3,37.91,90.48
2014/8/29,2594086,37.88,37.88,40.16,39.68,94.71
2014/9/1,2071603,39.68,39.32,41.05,40,95.47
2014/9/2,2055240,40,39.66,41.25,40.7,97.14
2014/9/3,2165474,40.65,40.3,41.89,41.78,99.72
2014/9/4,1301377,41.67,41.32,42.33,41.82,99.82
2014/9/5,1438244,41.82,41.22,41.93,41.49,99.03
2014/9/9,1581189,41.49,41.2,43.1,42.75,102.04
2014/9/10,964669,42.74,42.4,43.05,42.8,102.15
2014/10/10,3420790,45,44,47.08,47.08,112.37
2014/10/13,4007759,48.82,45.48,48.82,46,109.79
2014/10/14,1685365,46.03,45.08,46.2,45.63,108.91
2014/10/15,2475561,44.5,43.5,45.68,44.67,106.62
2014/10/16,2480429,44.02,44.01,46.3,45.69,109.05
2014/10/17,1843250,45.45,43.28,45.45,44.86,107.07
2014/10/20,1657672,44.52,44.5,46.59,45.88,109.51
2014/10/21,2415444,45.75,44.51,45.98,45,107.4
2014/10/22,1968145,44.89,42.78,44.89,42.97,102.56
2014/10/23,1646632,42.97,41.5,42.99,42.37,101.13
2014/10/24,1189504,42.07,42.07,43.09,42.39,101.18
2014/10/27,852655,42.4,41.97,43.44,42.86,102.3
2014/10/28,746738,43.1,42.62,43.28,43.15,102.99
2014/10/29,1087880,43.16,43.15,43.99,43.4,103.59
2014/10/30,1505934,43.4,43.16,44.81,43.8,104.54
2014/10/31,2083926,43.41,41.6,43.81,42,100.25
2014/11/3,1618972,41.61,40,41.66,41,97.86
2014/11/4,2130902,41.24,40.24,41.37,41.15,98.22
2014/11/5,1462267,41.16,40.52,41.39,40.72,97.19
2014/11/6,4112301,40.48,39.41,40.69,39.99,95.45
2014/11/7,2725978,40.39,39.67,40.75,39.89,95.21
2014/11/10,1570888,39.87,39.48,40.15,39.86,95.14
2014/11/11,2043395,39.95,39.09,40,39.8,94.99
2014/11/12,2078594,39.88,38.97,39.94,39.4,94.04
2014/11/13,3736112,40.21,39.8,41.18,40.02,95.52
2014/11/14,1824542,40.04,38.5,40.04,38.97,93.01
2014/11/17,1270574,38.81,38.59,39.97,39.46,94.18
2014/11/18,992100,39.59,38.85,39.6,39.24,93.66
2014/11/19,1112006,38.98,38.98,39.76,39.55,94.4
2014/11/20,1690002,39.55,39.22,40.8,40.58,96.86
2014/11/21,3080616,40.39,40.14,42.07,42,100.25
2014/11/24,2522352,41.96,41,42.61,41.42,98.86
2014/11/25,2105925,41.4,41.08,42.24,41.56,99.19
2014/11/26,2401669,41.57,41.5,42.75,42.75,102.04
2014/11/27,2444350,42.89,42.75,43.9,43,102.63
2014/11/28,1558166,43,42.6,43.42,43.1,102.87
2014/12/1,3039670,42.99,41.5,43.88,43.76,104.45
2014/12/2,2094947,43.49,43.3,44.65,44.49,106.19
2014/12/3,2259282,44.37,43,44.37,43.73,104.37
2014/12/4,3046250,43.73,42.9,44.15,43.53,103.9
2014/12/5,5281211,43.31,42.39,47.88,46.48,110.94
2014/12/8,2557100,45.72,44.4,46.99,44.8,106.93
2014/12/9,2952472,44.1,41.75,45.68,42.12,100.53
2014/12/10,1896488,42.12,41.4,45,44.2,105.5
2014/12/11,1548065,44.37,42.51,44.75,43.44,103.68
2014/12/12,2426627,43.4,42.65,43.96,43,102.63
2014/12/15,1705218,43.1,42.21,43.85,43.57,103.99
2014/12/16,1450492,43.41,42.57,43.56,42.98,102.58
2014/12/17,2842783,42.72,40.8,42.94,41.5,99.05
2014/12/18,2088706,41.55,40.22,41.95,40.7,97.14
2014/12/19,2420406,40.7,40.4,42.15,41.68,99.48
2014/12/22,2907509,41.1,37.51,41.1,38.2,91.18
2014/12/23,957276,38.01,37.56,39.13,38.2,91.18
2014/12/24,2780383,38.2,37.88,40.3,39.99,95.45
2014/12/25,1366939,40.16,39.6,40.67,40.67,97.07
2014/12/26,1135935,40.8,39.79,40.8,40.49,96.64
2014/12/29,1360196,40.51,38.78,40.88,40.74,97.24
2014/12/30,1487038,40.53,39.32,40.89,39.88,95.19
2014/12/31,1212851,40.3,39.3,40.5,40.37,96.35
2015/1/5,2685110,39.94,38.21,39.95,38.64,92.23
2015/1/6,3226951,38.63,38.31,39.4,39.3,93.8
2015/1/7,1873239,39.28,37.5,39.44,38.5,91.89
2015/1/8,1425790,38.36,37.9,39.18,38.6,92.13
2015/1/9,1671703,38.93,38.6,39.77,39.5,94.28
2015/1/12,818619,39.55,38.72,39.8,39.57,94.45
2015/1/13,1228898,39.56,38.68,39.78,39.44,94.13
2015/1/14,1203590,39.44,39.03,40.19,39.6,94.52
2015/1/15,1737403,39.33,39.01,39.9,39.81,95.02
2015/1/16,4797013,43.67,41.6,43.67,42.28,100.91
2015/1/19,3310156,41,40.51,43.43,41.55,99.17
2015/1/20,3408531,41.45,41.15,43.12,42.93,102.46
2015/1/21,2757672,42.7,42.36,43.87,42.91,102.42
2015/1/22,2425739,42.95,42.91,43.69,43.43,103.66
2015/1/23,1849450,43.5,41.96,43.5,41.99,100.22
2015/1/26,1324676,41.98,41.8,42.53,42.12,100.53
2015/1/27,1213017,42.16,41.31,42.4,41.86,99.91
2015/1/28,1466269,41.85,41.6,42.96,42.53,101.51
2015/1/29,878288,42.5,41.82,42.5,41.83,99.84
2015/1/30,1070120,41.75,41.4,42.54,42.08,100.44
2015/2/2,1002248,41.95,41.75,42.68,42.48,101.39
2015/2/3,1572009,42.84,42.32,43.41,42.98,102.58
2015/2/4,1185607,43.5,42.52,43.87,42.53,101.51
2015/2/5,1677179,42.15,41.3,42.6,41.35,98.69
2015/2/6,1907751,41.34,39.49,41.94,39.7,94.76
2015/2/9,1492079,40.05,39.48,41,39.71,94.78
2015/2/10,822938,39.92,38.9,39.93,39.45,94.16
2015/2/11,1657349,39.6,39.24,40.5,39.78,94.95
2015/2/12,941653,39.9,39.66,40.29,40,95.47
2015/2/13,1444199,40.27,40.02,40.79,40.33,96.26
2015/2/16,1311772,40.52,40.17,40.88,40.7,97.14
2015/2/17,1745312,40.75,40.75,42.28,42.14,100.58
2015/2/25,1385350,42.06,41.5,42.4,41.84,99.86
2015/2/26,1413030,41.85,41.17,42.15,41.9,100.01
2015/2/27,1948862,41.95,41.25,42.48,42.25,100.84
2015/3/2,3352709,42.24,42.18,44,43.72,104.35
2015/3/3,2852885,43.7,43.07,44.44,43.8,104.54
2015/3/4,2658580,43.51,43.5,45.34,44.92,107.21
2015/3/5,2188243,44.73,44.65,46.4,45.03,107.48
2015/3/6,2131413,45.28,43.1,45.35,43.3,103.35
2015/3/9,1638137,43.3,42.27,43.85,43.3,103.35
2015/3/10,1400459,43.5,43.4,44.44,43.72,104.35
2015/3/11,1449152,43.65,42.89,43.67,43.57,103.99
2015/3/12,2451901,43.52,43.05,45.75,44.44,106.07
2015/3/13,2037036,44.57,44.14,45.77,45.6,108.84
2015/3/16,2660872,46.5,45.81,47.54,46.84,111.8
2015/3/17,1931657,46.9,46,47.18,46.29,110.48
2015/3/18,2777642,46.55,46.15,47.65,47.18,112.61
2015/3/19,3971023,47.24,45.79,47.25,46.65,111.34
2015/3/20,5274178,46.49,46.31,50.5,50,119.34
2015/3/23,6151659,48.6,48.14,49.99,49.6,118.39
2015/3/24,4498061,49.2,47.01,50.45,49.88,119.05
2015/3/25,2984529,49.9,48.46,49.9,49.55,118.26
2015/3/26,4875769,49,48.1,53.96,51.06,121.87
2015/3/27,3144224,50.5,50.45,52.1,50.7,121.01
2015/3/30,2881932,50.56,49.14,51.7,49.24,117.53
2015/3/31,3653211,49.24,48.78,52.48,50.61,120.79
2015/4/1,9658905,50.5,50.35,55.67,54.69,130.53
2015/4/2,6869910,55.95,55.03,57.85,56.79,135.55
2015/4/3,4349221,57.28,54.79,57.82,56.3,134.38
2015/4/7,4334079,56.25,55.83,59.1,58,138.43
2015/4/8,4372260,58.46,55.13,58.49,57.5,137.24
2015/4/9,4888188,58.7,55.55,59.6,58.46,139.53
2015/4/10,4339127,58.45,57.5,59.61,58,138.43
2015/4/13,4336774,58.8,58,59.98,59.34,141.63
2015/4/14,3344907,59.45,56.77,59.57,57.16,136.43
2015/4/15,5206104,56.58,51.44,56.96,51.44,122.78
2015/4/16,4350049,51.4,50.1,53.84,52.4,125.07
2015/4/17,4467016,53.28,52.01,56.79,53.41,127.48
2015/4/20,7174303,56.5,54.81,58.38,56.75,135.45
2015/4/21,4965428,56.81,56.81,59.01,58.67,140.03
2015/4/22,5792313,59.5,59.5,62.98,62.11,148.24
2015/4/23,11753937,31.03,29.6,31.3,30.64,146.38
2015/4/24,9545119,30.3,29.85,32,30.7,146.67
2015/4/27,10808395,30.7,29.75,30.9,29.95,143.08
2015/4/28,9637987,29.83,27.9,30.62,28.15,134.48
2015/4/29,5263309,28.01,27.7,29.1,28.28,135.1
2015/4/30,4899916,28.25,28.25,28.99,28.32,135.3
2015/5/4,4648278,28.32,27.52,28.55,28.06,134.05
2015/5/5,5786077,28.2,27.03,28.6,27.15,129.71
2015/5/6,4988887,27.6,26.95,27.88,27.2,129.95
2015/5/7,5033094,27.21,25.95,27.88,26,124.21
2015/5/8,7458591,26.5,26.08,27.6,27.59,131.81
2015/5/11,9957918,27.6,27.6,29.49,29.26,139.79
2015/5/12,11094805,29.89,28.59,30.75,29.47,140.79
2015/5/13,7969188,29.26,28.26,29.3,28.7,137.11
2015/5/14,9325393,28.68,28.52,29.95,29.18,139.4
2015/5/15,7571390,29.18,27.97,29.21,28.46,135.96
2015/5/18,12163715,28.47,28.47,30.6,30.22,144.37
2015/5/19,17894812,30.35,30.25,33.24,33.2,158.61
2015/5/20,17027117,33,32.75,36.5,34.38,164.25
2015/5/21,12874999,34.65,33.6,36.36,35.53,169.74
2015/5/22,14241880,35.53,33.5,36.3,34.2,163.39
2015/5/25,11408166,33.5,32.84,34.46,34.28,163.77
2015/5/26,13032670,34.28,34.03,36.23,36.22,173.04
2015/5/27,13494466,36.99,34,36.99,35.43,169.26
2015/5/28,12852826,35.42,31.99,36.22,32.08,153.26
2015/5/29,15160457,32.1,31,35.22,34.7,165.78
2015/6/1,15241912,36.5,35.7,37.5,37.5,179.15
2015/6/2,13165550,37.56,36.36,38.88,37.87,180.92
2015/6/3,14125319,38.4,36.05,38.48,38,181.54
2015/6/4,15164300,38,35,38.8,38.73,185.03
2015/6/5,7366376,40.49,39.8,42.6,42.6,203.52
2015/6/8,22010011,45.39,39.6,45.6,41,195.87
2015/6/9,12264396,40.12,40,42.98,41.62,198.84
2015/6/10,11449743,41.5,41,45,44.2,211.16
2015/6/11,13567896,45.3,45,47.26,46.99,224.49
2015/6/12,11986797,47,47,49.25,48.7,232.66
2015/11/10,4697300,14.61,14.61,14.61,14.61,209.39
2015/11/11,239207355,13.15,13.15,14.09,13.97,200.22
2015/11/12,131295282,13.3,13.2,14.15,13.75,197.07
2015/11/13,162313007,13.75,13.6,15.13,14.72,210.97
2015/11/16,86998779,14,13.75,14.68,14.36,205.81
2015/11/17,91249431,14.75,14.3,15.25,14.68,210.4
2015/11/18,62386090,14.7,13.96,14.79,14.16,202.95
2015/11/19,46129595,14.25,13.9,14.38,14.29,204.81
2015/11/20,82908034,14.43,14.1,14.87,14.83,212.55
2015/11/23,109498043,14.84,14.7,16.25,16.1,230.75
2015/11/24,77894714,16,15.2,16,15.57,223.15
2015/11/25,49353489,15.49,15.3,15.75,15.58,223.3
2015/11/26,74387054,15.6,15.6,16.49,15.76,225.88
2015/11/27,74663246,15.55,14.18,15.68,14.18,203.23
2015/11/30,74499662,14.2,12.8,15,14.52,208.1
2015/12/1,42333787,14.51,13.9,14.51,14.09,201.94
2015/12/2,25331544,14.09,13.51,14.25,14.04,201.23
2015/12/3,27013481,14.05,14,14.28,14.15,202.8
2015/12/4,31819563,14.14,13.9,14.36,14.15,202.8
2015/12/7,26881625,14.15,13.75,14.23,14.18,203.23
2015/12/8,26152417,14.1,13.7,14.1,13.76,197.21
2015/12/9,28371123,13.74,13.28,13.75,13.33,191.05
2015/12/10,25313140,13.43,13.09,13.55,13.14,188.33
2015/12/11,19503176,13.1,13.03,13.49,13.16,188.61
2015/12/14,21257250,13.08,12.9,13.45,13.43,192.48
2015/12/15,16412233,13.4,13.31,13.65,13.44,192.63
2015/12/16,18031444,13.51,13.29,13.58,13.33,191.05
2015/12/25,46147714,13.94,12,14.43,14.08,201.8
2015/12/28,29284718,14.2,13.5,14.28,13.5,193.49
2015/12/29,18659970,13.3,13.14,13.45,13.28,190.33
2015/12/30,16848816,13.29,13.09,13.4,13.18,188.9
2015/12/31,12226386,13.26,13.13,13.28,13.18,188.9
2016/1/4,17485108,13.18,11.9,13.34,11.92,170.84
2016/1/5,26353804,11.85,10.93,11.95,11.29,161.81
2016/1/6,15625291,11.37,11.21,11.6,11.55,165.54
2016/1/7,6795400,11.36,10.5,11.36,10.65,152.64
2016/1/8,26651843,11.1,10.08,11.23,10.55,151.21
2016/1/11,22474848,10.31,9.86,10.7,9.98,143.04
2016/1/12,18784188,10.1,9.82,10.25,10,143.32
2016/1/13,14003774,10.06,9.68,10.19,9.69,138.88
2016/1/14,31728454,9.35,9.09,10.05,10,143.32
2016/1/15,19423677,9.81,9.21,9.93,9.28,133
2016/1/18,22714693,9,8.88,9.94,9.69,138.88
2016/1/19,25670408,9.62,9.59,10.58,10.37,148.63
2016/1/20,18529911,10.3,10.07,10.47,10.36,148.48
2016/1/21,19355062,10.22,9.9,10.5,9.96,142.75
2016/1/22,10843989,9.97,9.7,10.14,9.98,143.04
2016/1/25,12393652,10.05,9.7,10.18,9.85,141.17
2016/1/26,15524802,9.79,8.93,9.8,9.03,129.42
2016/1/27,18789022,9.07,8.25,9.24,8.88,127.27
2016/1/28,15107905,8.79,8.6,9.08,8.89,127.41
2016/1/29,12955214,8.96,8.81,9.29,9.23,132.29
2016/2/1,8268764,9.23,8.92,9.34,9.04,129.56
2016/2/2,9866419,9.16,9.04,9.45,9.34,133.86
2016/2/3,8380812,9.16,9.08,9.37,9.27,132.86
2016/2/4,9312718,9.32,9.3,9.5,9.36,134.15
2016/2/5,6424821,9.43,9.32,9.46,9.4,134.72
2016/2/15,26688474,9.05,9,10.34,10.25,146.91
2016/2/16,23245807,10.34,10.12,10.53,10.38,148.77
2016/2/17,16611250,10.35,10.04,10.4,10.33,148.05
2016/2/18,14540548,10.42,10.22,10.48,10.25,146.91
2016/2/19,13311285,10.23,10.17,10.54,10.38,148.77
2016/2/22,24340542,10.53,10.53,11.09,10.89,156.08
2016/3/3,33352904,10.33,10.31,11.6,10.61,152.07
2016/3/4,25170622,10.75,9.61,10.75,9.63,138.02
2016/3/7,14612120,9.68,9.63,10.16,9.92,142.18
2016/3/8,38043405,9.91,9.7,10.91,10.91,156.37
2016/3/9,27951918,10.79,10.6,11.25,10.72,153.64
2016/3/10,16487581,10.52,10.4,10.88,10.43,149.49
2016/3/11,16024202,10.35,9.95,10.36,10.35,148.34
2016/3/14,21402760,10.4,10.4,10.85,10.59,151.78
2016/3/15,15686005,10.49,10.45,10.84,10.6,151.92
2016/3/16,13647202,10.89,10.22,11,10.34,148.2
2016/3/17,21470639,10.4,10.4,10.98,10.76,154.21
2016/3/18,25477067,10.8,10.8,11.16,11.03,158.09
2016/3/21,29809071,11.18,11.02,11.55,11.16,159.95
2016/10/12,95093969,10.65,10.65,12,11.55,165.54
2016/10/13,43250499,11.34,11,11.5,11.07,158.66
2016/10/14,43223355,10.96,10.25,11.02,10.38,148.77
2016/10/17,26807726,10.36,10.22,10.76,10.6,151.92
2016/10/18,16624111,10.51,10.48,10.68,10.63,152.35
2016/10/19,15794156,10.6,10.5,10.86,10.64,152.49
2016/10/20,14084674,10.72,10.43,10.74,10.45,149.77
2016/10/21,15588092,10.41,10.17,10.55,10.25,146.91
2016/10/24,13818447,10.24,10.23,10.6,10.43,149.49
2016/10/25,8435099,10.48,10.36,10.5,10.43,149.49
2016/10/26,17920843,10.43,10.08,10.48,10.14,145.33
2016/10/27,9477537,10.3,10.13,10.33,10.18,145.9
2016/10/28,18444553,10.2,9.98,10.26,10.01,143.47
2016/10/31,7567173,9.98,9.95,10.1,10.03,143.75
2016/11/1,11591344,10.02,9.97,10.12,10.09,144.61
2016/11/2,18555914,10.06,10,10.41,10.26,147.05
2016/11/3,19560690,10.11,10.1,10.45,10.36,148.48
2016/11/4,33803591,10.31,10.28,10.96,10.75,154.07
2016/11/7,20475328,10.76,10.61,10.99,10.88,155.93
2016/11/8,13877861,10.97,10.66,10.97,10.73,153.79
2016/11/9,14481806,10.86,10.61,10.95,10.69,153.21
2016/11/10,28014451,10.76,10.74,11.21,11.13,159.52
2016/11/11,28994457,11.15,11.13,11.66,11.27,161.52
2016/11/14,21780668,11.15,11.09,11.55,11.5,164.82
2016/11/15,11804649,11.49,11.35,11.6,11.4,163.39
2016/11/16,27608663,11.56,11.47,11.98,11.55,165.54
2016/11/17,13311876,11.69,11.26,11.69,11.3,161.96
2016/11/18,11314265,11.29,11.25,11.63,11.4,163.39
2016/11/21,11383281,11.45,11.31,11.57,11.53,165.25
2016/11/22,11289121,11.49,11.4,11.65,11.59,166.11
2016/11/23,14264812,11.62,11.21,11.64,11.22,160.81
2016/11/24,9738834,11.28,11.03,11.31,11.18,160.24
2016/11/25,9422991,11.18,11.1,11.37,11.3,161.96
2016/11/28,6632480,11.26,11.15,11.35,11.18,160.24
2016/11/29,6802169,11.17,11.07,11.28,11.08,158.8
2016/11/30,7816801,11.08,11,11.22,11.14,159.66
2016/12/1,13126390,11.1,11.1,11.53,11.48,164.53
2016/12/2,8881231,11.51,11.25,11.58,11.26,161.38
2016/12/5,4996327,11.13,11.07,11.29,11.17,160.09
2016/12/6,6873481,11.22,11.09,11.28,11.13,159.52
2016/12/7,5539534,11.13,11.05,11.21,11.19,160.38
2016/12/8,9278919,11.19,10.95,11.22,11.02,157.94
2016/12/9,12262226,11,10.78,11.18,11.04,158.23
2016/12/12,13358455,11,10.41,11.15,10.48,150.2
2016/12/13,12353664,10.49,10.15,10.57,10.46,149.91
2016/12/14,7190988,10.5,10.25,10.58,10.32,147.91
2016/12/15,7990790,10.3,10.2,10.42,10.3,147.62
2016/12/16,11017379,10.32,10.31,10.89,10.76,154.21
2016/12/19,6630370,10.76,10.61,10.96,10.83,155.22
2016/12/20,4660363,10.75,10.71,10.88,10.78,154.5
2016/12/21,6863110,10.88,10.75,10.94,10.9,156.22
2016/12/22,5583696,10.9,10.64,10.9,10.74,153.93
2016/12/23,8519791,10.87,10.73,11.08,10.81,154.93
2016/12/26,6173966,10.72,10.41,10.8,10.75,154.07
2016/12/27,4485825,10.69,10.67,10.85,10.68,153.07
2016/12/28,3988700,10.76,10.66,10.84,10.68,153.07
2016/12/29,7175634,10.75,10.68,10.85,10.69,153.21
2016/12/30,8970707,10.71,10.71,10.95,10.9,156.22
2017/1/3,11806345,10.9,10.83,11.2,11.08,158.8
2017/1/4,8386797,11.06,11.03,11.15,11.1,159.09
2017/1/5,8376033,11.05,11.01,11.2,11.11,159.23
2017/1/6,6288668,11.1,11.02,11.13,11.06,158.51
2017/1/9,11944997,11.1,11.1,11.4,11.27,161.52
2017/1/10,7291080,11.2,11.06,11.3,11.07,158.66
2017/1/11,7488517,11.08,10.88,11.15,10.93,156.65
2017/1/12,6932448,10.92,10.91,11.1,11.05,158.37
2017/1/13,6376667,11.1,10.93,11.15,10.95,156.94
2017/1/16,16606997,10.97,9.96,11,10.29,147.48
2017/1/17,15970608,10.15,9.98,10.38,10.2,146.19
2017/1/18,5339561,10.14,10.06,10.33,10.15,145.47
2017/1/19,4238679,10.15,10.02,10.2,10.07,144.33
2017/1/20,5809492,10.07,10.07,10.25,10.22,146.48
2017/1/23,4666510,10.22,10.19,10.39,10.29,147.48
2017/1/24,4767325,10.3,10.23,10.6,10.45,149.77
2017/1/25,3515533,10.43,10.4,10.59,10.57,151.49
2017/1/26,6735617,10.52,10.5,10.95,10.88,155.93
2017/2/3,8572581,10.86,10.72,11.17,11.06,158.51
2017/2/6,8082243,11.06,11.02,11.23,11.06,158.51
2017/2/7,7025161,11.06,10.78,11.09,10.95,156.94
2017/2/8,7611739,11.03,10.91,11.13,11.1,159.09
2017/2/9,8152705,11.15,11.05,11.26,11.08,158.8
2017/2/10,6150790,11.18,11.03,11.2,11.07,158.66
2017/2/13,5636506,11.02,10.95,11.14,11.08,158.8
2017/2/14,4665990,11.08,10.98,11.14,11.08,158.8
2017/2/15,6682022,11.02,11,11.15,11.07,158.66
2017/2/16,4880786,11.07,11.01,11.11,11.07,158.66
2017/2/17,11475037,11.07,11.02,11.39,11.24,161.1
2017/2/20,22480973,11.27,11.26,12,11.72,167.97
2017/2/21,9630866,11.72,11.59,11.85,11.67,167.26
2017/2/22,14086886,11.67,11.46,11.95,11.58,165.97
2017/2/23,17014936,11.51,11.35,11.77,11.72,167.97
2017/2/24,24657742,11.82,11.63,12.15,11.97,171.56
2017/2/27,13775496,11.89,11.6,11.96,11.62,166.54
2017/2/28,6722299,11.6,11.5,11.69,11.66,167.11
2017/3/1,7254920,11.67,11.64,11.79,11.7,167.69
2017/3/2,8269116,11.69,11.46,11.78,11.6,166.25
2017/3/3,6214434,11.68,11.49,11.68,11.55,165.54
2017/3/6,12210852,11.54,11.52,11.87,11.86,169.98
2017/3/7,11760283,11.89,11.86,12.09,11.95,171.27
2017/3/8,21434689,11.99,11.86,12.48,12.38,177.43
2017/3/9,22797770,12.47,12.21,12.78,12.39,177.58
2017/3/10,12777523,12.39,12.3,12.58,12.5,179.15
2017/3/13,9878051,12.46,12.21,12.53,12.38,177.43
2017/3/14,6973536,12.37,12.22,12.49,12.34,176.86
2017/3/15,14733149,12.33,12.3,12.75,12.58,180.3
2017/3/16,6609272,12.58,12.48,12.68,12.59,180.44
2017/3/17,9472995,12.55,12.28,12.75,12.34,176.86
2017/3/20,8420146,12.33,12.28,12.63,12.42,178.01
2017/3/21,20284511,12.4,12.4,13.06,12.86,184.31
2017/3/22,12367452,12.72,12.7,12.95,12.8,183.45
2017/3/23,14000652,12.8,12.76,13.12,12.95,185.6
2017/3/24,15600085,12.96,12.85,13.33,13.29,190.48
2017/3/27,11180116,13.3,13.09,13.46,13.23,189.62
2017/3/28,10206615,13.26,12.94,13.28,12.95,185.6
2017/3/29,11639003,12.95,12.59,13.16,12.75,182.74
2017/3/30,10447231,12.74,12.37,12.75,12.6,180.59
2017/3/31,11135962,12.7,12.6,13.05,13.05,187.04
2017/4/5,10573178,13.16,12.88,13.2,13,186.32
2017/4/6,6698858,13.09,12.88,13.09,12.9,184.89
2017/4/7,7589387,12.91,12.9,13.11,13,186.32
2017/4/10,16888070,12.93,12.28,12.93,12.43,178.15
2017/4/11,20469265,12.38,11.69,12.55,12.01,172.13
2017/4/12,6040814,11.99,11.79,12.11,12.01,172.13
2017/4/13,4968156,11.95,11.89,12.07,12.02,172.27
2017/4/14,4791986,12.03,11.96,12.16,11.98,171.7
2017/4/17,6233285,11.78,11.62,11.93,11.68,167.4
2017/4/18,5822892,11.67,11.66,12.01,11.88,170.27
2017/4/19,17183715,11.88,10.88,11.94,11.13,159.52
2017/4/20,6820124,11.01,11.01,11.28,11.07,158.66
2017/4/21,8239675,11.07,10.91,11.26,10.97,157.23
2017/4/24,8111092,10.82,10.58,10.98,10.65,152.64
2017/4/25,7523214,10.66,10.66,10.98,10.88,155.93
2017/4/26,5516929,10.88,10.76,10.93,10.87,155.79
2017/4/27,10208907,10.87,10.66,11.32,11.31,162.1
2017/4/28,8072029,11.21,11.21,11.62,11.33,162.38
2017/5/2,4727027,11.33,11.31,11.55,11.37,162.96
2017/5/3,3240673,11.33,11.25,11.44,11.39,163.24
2017/5/4,5096304,11.38,11.29,11.58,11.4,163.39
2017/5/5,4141623,11.35,11.2,11.43,11.32,162.24
2017/5/8,6139777,11.32,10.88,11.35,10.9,156.22