"","Point.Forecast","Lo.99.5","Hi.99.5"
" 5356801",26.6928649418122,23.4497868768157,29.9359430068086
" 5443201",26.6498148890014,20.7959830704762,32.5036467075266
" 5529601",26.6067648361906,18.3816507015661,34.8318789708151
" 5616001",26.5637147833798,15.9660890240574,37.1613405427022
" 5702401",26.520664730569,13.4870349876438,39.5542944734943
" 5788801",26.4776146777582,10.9216945877873,42.0335347677292
" 5875201",26.4345646249475,8.26096404225419,44.6081652076407
" 5961601",26.3915145721367,5.50152943926227,47.2814997050111
" 6048001",26.3484645193259,2.64280144743899,50.0541275912128
" 6134401",26.3054144665151,-0.314453232489736,52.9252821655199
" 6220801",26.2623644137043,-3.36878157241539,55.893510399824
" 6307201",26.2193143608935,-6.51839294715413,58.9570216689412
" 6393601",26.1762643080828,-9.76134841198294,62.1138770281484
" 6480001",26.133214255272,-13.0956660096012,65.3620945201451
" 6566401",26.0901642024612,-16.5193798685248,68.6997082734472
" 6652801",26.0471141496504,-20.0305730212243,72.1248013205251
" 6739201",26.0040640968396,-23.6273949162678,75.6355231099471
" 6825601",25.9610140440288,-27.3080698779848,79.2300979660425
" 6912001",25.917963991218,-31.0709001760404,82.9068281584765
" 6998401",25.8749139384073,-34.9142658966242,86.6640937734387
" 7084801",25.8318638855965,-38.8366229484878,90.5003507196807
" 7171201",25.7888138327857,-42.8365000240716,94.414127689643
" 7257601",25.7457637799749,-46.9124950233907,98.4040225833405
" 7344001",25.7027137271641,-51.0632712548518,102.46869870918
" 7430401",25.6596636743533,-55.2875536058832,106.60688095459
" 7516801",25.6166136215426,-59.5841247995296,110.817352042615
" 7603201",25.5735635687318,-63.9518218043592,115.098948941823
" 7689601",25.530513515921,-68.3895324339305,119.450559465772
" 7776001",25.4874634631102,-72.896192152323,123.871119078543
" 7862401",25.4444134102994,-77.4707810898191,128.359607910418
" 7948801",25.4013633574886,-82.1123212651693,132.915047980147
" 8035201",25.3583133046778,-86.8198740063161,137.536500615672
" 8121601",25.3152632518671,-91.5925375589104,142.223064062644
" 8208001",25.2722131990563,-96.4294448707137,146.973871268826
" 8294401",25.2291631462455,-101.329761539577,151.788087832068
" 8380801",25.1861130934347,-106.292683912809,156.664910099678
" 8467201",25.1430630406239,-111.317437326177,161.603563407425
" 8553601",25.1000129878131,-116.403274471429,166.603300447056
" 8640001",25.0569629350024,-121.549473881905,171.66339975191
" 8726401",25.0139128821916,-126.755338526593,176.783164290976
" 8812801",24.9708628293808,-132.020194503728,181.961920162489
" 8899201",24.92781277657,-137.343389825734,187.199015378874
" 8985601",24.8847627237592,-142.72429328805,192.493818735569
" 9072001",24.8417126709484,-148.162293414974,197.845718756871
" 9158401",24.7986626181377,-153.656797476298,203.254122712573
" 9244801",24.7556125653269,-159.207230569045,208.718455699699
" 9331201",24.7125625125161,-164.813034759112,214.238159784144
" 9417601",24.6695124597053,-170.473668278103,219.812693197514
" 9504001",24.6264624068945,-176.188604771047,225.441529584836
" 9590401",24.5834123540837,-181.95733259107,231.124157299237
" 9676801",24.5403623012729,-187.779354137445,236.860078739991
" 9763201",24.4973122484622,-193.65418523375,242.648809730674
" 9849601",24.4542621956514,-199.581354543152,248.489878934454
" 9936001",24.4112121428406,-205.560403018087,254.382827303768
"10022401",24.3681620900298,-211.590883381839,260.327207561899
"10108801",24.325112037219,-217.67235963974,266.322583714178
"10195201",24.2820619844082,-223.804406617884,272.3685305867
"10281601",24.2390119315975,-229.986609527445,278.46463339064
"10368001",24.1959618787867,-236.218563552835,284.610487310408
"10454401",24.1529118259759,-242.499873462069,290.805697114021
"10540801",24.1098617731651,-248.830153237857,297.049876784188
"10627201",24.0668117203543,-255.209025728049,303.342649168758
"10713601",24.0237616675435,-261.636122314153,309.68364564924
"10800001",23.9807116147328,-268.11108259678,316.072505826245
"10886401",23.937661561922,-274.633554096913,322.508877220757
"10972801",23.8946115091112,-281.203191972023,328.992414990245
"11059201",23.8515614563004,-287.819658746095,335.522781658696
"11145601",23.8085114034896,-294.482624052718,342.099646859697
"11232001",23.7654613506788,-301.191764390437,348.722687091795
"11318401",23.722411297868,-307.946762889646,355.391585485382
"11404801",23.6793612450573,-314.747309090323,362.106031580437
"11491201",23.6363111922465,-321.593098729982,368.865721114475
"11577601",23.5932611394357,-328.483833541256,375.670355820128
"11664001",23.5502110866249,-335.419221058548,382.519643231798
"11750401",23.5071610338141,-342.398974433245,389.413296500873
"11836801",23.4641109810033,-349.422812257022,396.351034219028
"11923201",23.4210609281926,-356.490458392784,403.332580249169
"12009601",23.3780108753818,-363.601641812829,410.357663563593
"12096001",23.334960822571,-370.756096443846,417.426018088988
"12182401",23.2919107697602,-377.953561018383,424.537382557903
"12268801",23.2488607169494,-385.193778932445,431.691500366344
"12355201",23.2058106641386,-392.4764981089,438.888119437178
"12441601",23.1627606113279,-399.801470866396,446.126992089051
"12528001",23.1197105585171,-407.168453793504,453.407874910538
"12614401",23.0766605057063,-414.577207627834,460.730528639246
"12700801",23.0336104528955,-422.027497139861,468.094718045652
"12787201",22.9905604000847,-429.519091021242,475.500211821411
"12873601",22.9475103472739,-437.051761777392,482.94678247194
"12960001",22.9044602944631,-444.625285624127,490.434206213053
"13046401",22.8614102416524,-452.239442388169,497.962262871474
"13132801",22.8183601888416,-459.894015411331,505.530735789014
"13219201",22.7753101360308,-467.588791458216,513.139411730277
"13305601",22.73226008322,-475.32356062726,520.7880807937
"13392001",22.6892100304092,-483.098116264971,528.476536325789
"13478401",22.6461599775984,-490.912254883209,536.204574838406
"13564801",22.6031099247877,-498.765776079386,543.971995928961
"13651201",22.5600598719769,-506.658482459437,551.77860220339
"13737601",22.5170098191661,-514.590179563457,559.624199201789
"13824001",22.4739597663553,-522.560675793873,567.508595326584
"13910401",22.4309097135445,-530.569782346052,575.431601773141
"13996801",22.3878596607337,-538.617313141229,583.393032462696
"14083201",22.344809607923,-546.70308476167,591.392703977516
"14169601",22.3017595551122,-554.826916387966,599.43043549819
"14256001",22.2587095023014,-562.988629738368,607.506048742971
"14342401",22.2156594494906,-571.188049010089,615.61936790907
"14428801",22.1726093966798,-579.425000822477,623.770219615836
"14515201",22.129559343869,-587.699314161997,631.958432849735
"14601601",22.0865092910582,-596.010820328945,640.183838911061
"14688001",22.0434592382475,-604.359352885811,648.446271362306
"14774401",22.0004091854367,-612.744747607256,656.745565978129
"14860801",21.9573591326259,-621.166842431603,665.081560696854
"14947201",21.9143090798151,-629.625477413814,673.454095573445
"15033601",21.8712590270043,-638.12049467988,681.863012733889
"15120001",21.8282089741935,-646.651738382565,690.308156330952
"15206401",21.7851589213828,-655.219054658472,698.789372501237
"15292801",21.742108868572,-663.822291586361,707.306509323505
"15379201",21.6990588157612,-672.461299146686,715.859416778208
"15465601",21.6560087629504,-681.135929182297,724.447946708197
"15552001",21.6129587101396,-689.846035360268,733.071952780547
"15638401",21.5699086573288,-698.591473134814,741.731290449472
"15724801",21.5268586045181,-707.372099711249,750.425816920285
"15811201",21.4838085517073,-716.187774010948,759.155391114363
"15897601",21.4407584988965,-725.038356637297,767.91987363509
"15984001",21.3977084460857,-733.923709842558,776.719126734729
"16070401",21.3546583932749,-742.843697495659,785.553014282209
"16156801",21.3116083404641,-751.798185050847,794.421401731775
"16243201",21.2685582876533,-760.787039517183,803.32415609249
"16329601",21.2255082348426,-769.810129428858,812.261145898543
"16416001",21.1824581820318,-778.867324816292,821.232241180355
"16502401",21.139408129221,-787.958497177989,830.237313436431
"16588801",21.0963580764102,-797.083519453136,839.276235605957
"16675201",21.0533080235994,-806.242265994906,848.348882042104
"16761601",21.0102579707886,-815.434612544442,857.455128486019
"16848001",20.9672079179779,-824.660436205521,866.594852041477
"16934401",20.9241578651671,-833.919615419844,875.767931150178
"17020801",20.8811078123563,-843.212029942958,884.97424556767
"17107201",20.8380577595455,-852.537560820778,894.213676339869
"17193601",20.7950077067347,-861.896090366688,903.486105780157
"17280001",20.7519576539239,-871.287502139209,912.791417447056
"17366401",20.7089076011132,-880.711680920214,922.129496122441
"17452801",20.6658575483024,-890.168512693674,931.500227790278
"17539201",20.6228074954916,-899.657884624908,940.903499615891
"17625601",20.5797574426808,-909.179685040342,950.339199925704
"17712001",20.53670738987,-918.733803407746,959.807218187486
"17798401",20.4936573370592,-928.320130316934,969.307444991052
"17884801",20.4506072842484,-937.938557460919,978.839772029416
"17971201",20.4075572314377,-947.588977617515,988.40409208039
"18057601",20.3645071786269,-957.271284631356,998.00029898861
"18144001",20.3214571258161,-966.985373396332,1007.62828764796
"18230401",20.2784070730053,-976.731139838432,1017.28795398444
"18316801",20.2353570201945,-986.508480898969,1026.97919493936
"18403201",20.1923069673837,-996.317294518188,1036.70190845296
"18489601",20.149256914573,-1006.15747961924,1046.45599344839
"18576001",20.1062068617622,-1016.02893609253,1056.24134981605
"18662401",20.0631568089514,-1025.93156478036,1066.05787839826
"18748801",20.0201067561406,-1035.86526746199,1075.90548097427
"18835201",19.9770567033298,-1045.82994683895,1085.78406024561
"18921601",19.934006650519,-1055.82550652074,1095.69351982178
"19008001",19.8909565977083,-1065.85185101076,1105.63376420617
"19094401",19.8479065448975,-1075.9088856926,1115.60469878239
"19180801",19.8048564920867,-1085.99651681663,1125.6062298008
"19267201",19.7618064392759,-1096.11465148683,1135.63826436539
"19353601",19.7187563864651,-1106.26319764794,1145.70071042087
"19440001",19.6757063336543,-1116.44206407282,1155.79347674013
"19526401",19.6326562808435,-1126.65116035016,1165.91647291185
"19612801",19.5896062280328,-1136.89039687238,1176.06960932844
"19699201",19.546556175222,-1147.15968482378,1186.25279717422
"19785601",19.5035061224112,-1157.45893616899,1196.46594841381
"19872001",19.4604560696004,-1167.78806364156,1206.70897578076
"19958401",19.4174060167896,-1178.1469807329,1216.98179276648
"20044801",19.3743559639788,-1188.53560168132,1227.28431360927
"20131201",19.3313059111681,-1198.95384146138,1237.61645328372
"20217601",19.2882558583573,-1209.40161577343,1247.97812749014
"20304001",19.2452058055465,-1219.8788410333,1258.3692526444
"20390401",19.2021557527357,-1230.38543436231,1268.78974586778
"20476801",19.1591056999249,-1240.92131357732,1279.23952497717
"20563201",19.1160556471141,-1251.48639718114,1289.71850847537
"20649601",19.0730055943034,-1262.08060435299,1300.2266155416
"20736001",19.0299555414926,-1272.70385493924,1310.76376602222
"20822401",18.9869054886818,-1283.35606944422,1321.32988042158
"20908801",18.943855435871,-1294.03716902135,1331.9248798931
"20995201",18.9008053830602,-1304.74707546431,1342.54868623043
"21081601",18.8577553302494,-1315.48571119843,1353.20122185893
"21168001",18.8147052774386,-1326.25299927224,1363.88240982712
"21254401",18.7716552246279,-1337.04886334917,1374.59217379842
"21340801",18.7286051718171,-1347.87322769942,1385.33043804305
"21427201",18.6855551190063,-1358.72601719194,1396.09712742996
"21513601",18.6425050661955,-1369.60715728663,1406.89216741902
"21600001",18.5994550133847,-1380.51657402658,1417.71548405335
"21686401",18.5564049605739,-1391.45419403054,1428.56700395168
"21772801",18.5133549077632,-1402.41994448548,1439.44665430101
"21859201",18.4703048549524,-1413.41375313933,1450.35436284923
"21945601",18.4272548021416,-1424.43554829375,1461.29005789803
"22032001",18.3842047493308,-1435.48525879717,1472.25366829583
"22118401",18.34115469652,-1446.56281403781,1483.24512343085
"22204801",18.2981046437092,-1457.66814393695,1494.26435322437
"22291201",18.2550545908985,-1468.80117894222,1505.31128812402
"22377601",18.2120045380877,-1479.96185002106,1516.38585909724
"22464001",18.1689544852769,-1491.15008865426,1527.48799762482
"22550401",18.1259044324661,-1502.36582682968,1538.61763569461
"22636801",18.0828543796553,-1513.60899703596,1549.77470579527
"22723201",18.0398043268445,-1524.87953225645,1560.95914091014
"22809601",17.9967542740337,-1536.17736596322,1572.17087451129
"22896001",17.953704221223,-1547.50243211108,1583.40984055353
"22982401",17.9106541684122,-1558.85466513183,1594.67597346866
"23068801",17.8676041156014,-1570.23399992853,1605.96920815973
"23155201",17.8245540627906,-1581.64037186988,1617.28947999546
"23241601",17.7815040099798,-1593.0737167847,1628.63672480466
"23328001",17.738453957169,-1604.53397095649,1640.01087887083
"23414401",17.6954039043583,-1616.02107111809,1651.41187892681
"23500801",17.6523538515475,-1627.53495444646,1662.83966214955
"23587201",17.6093037987367,-1639.07555855743,1674.2941661549
"23673601",17.5662537459259,-1650.64282150069,1685.77532899254
"23760001",17.5232036931151,-1662.23668175475,1697.28308914098
"23846401",17.4801536403043,-1673.85707822204,1708.81738550265
"23932801",17.4371035874936,-1685.50395022403,1720.37815739902
"24019201",17.3940535346828,-1697.17723749648,1731.96534456585
"24105601",17.351003481872,-1708.87688018477,1743.57888714851
"24192001",17.3079534290612,-1720.60281883923,1755.21872569736
"24278401",17.2649033762504,-1732.35499441067,1766.88480116317
"24364801",17.2218533234396,-1744.13334824582,1778.5770548927
"24451201",17.1788032706288,-1755.93782208299,1790.29542862425
"24537601",17.1357532178181,-1767.76835804771,1802.03986448334
"24624001",17.0927031650073,-1779.62489864844,1813.81030497846
"24710401",17.0496531121965,-1791.50738677242,1825.60669299681
"24796801",17.0066030593857,-1803.41576568146,1837.42897180023
"24883201",16.9635530065749,-1815.34997900794,1849.27708502109
"24969601",16.9205029537641,-1827.30997075073,1861.15097665826
"25056001",16.8774529009534,-1839.29568527127,1873.05059107317
"25142401",16.8344028481426,-1851.30706728966,1884.97587298594
"25228801",16.7913527953318,-1863.34406188084,1896.9267674715
"25315201",16.748302742521,-1875.4066144708,1908.90321995585
"25401601",16.7052526897102,-1887.49467083287,1920.90517621229
"25488001",16.6622026368994,-1899.60817708401,1932.93258235781
"25574401",16.6191525840887,-1911.74707968125,1944.98538484943
"25660801",16.5761025312779,-1923.9113254181,1957.06353048066
"25747201",16.5330524784671,-1936.10086142106,1969.16696637799
"25833601",16.4900024256563,-1948.31563514612,1981.29563999743
"25920001",16.4469523728455,-1960.5555943754,1993.4494991211
"26006401",16.4039023200347,-1972.82068721378,2005.62849185385
"26092801",16.3608522672239,-1985.11086208555,2017.83256662
"26179201",16.3178022144132,-1997.42606773121,2030.06167216004
"26265601",16.2747521616024,-2009.7662532042,2042.3157575274
"26352001",16.2317021087916,-2022.13136786775,2054.59477208534
"26438401",16.1886520559808,-2034.52136139178,2066.89866550374
"26524801",16.14560200317,-2046.93618374975,2079.22738775609
"26611201",16.1025519503592,-2059.37578521569,2091.58088911641
"26697601",16.0595018975485,-2071.84011636116,2103.95912015626
"26784001",16.0164518447377,-2084.32912805233,2116.3620317418
"26870401",15.9734017919269,-2096.84277144701,2128.78957503087
"26956801",15.9303517391161,-2109.38099799185,2141.24170147008
"27043201",15.8873016863053,-2121.94375941944,2153.71836279205
"27129601",15.8442516334945,-2134.53100774555,2166.21951101254
"27216001",15.8012015806838,-2147.14269526636,2178.74509842772
"27302401",15.758151527873,-2159.77877455575,2191.29507761149
"27388801",15.7151014750622,-2172.4391984626,2203.86940141272
"27475201",15.6720514222514,-2185.12392010816,2216.46802295266
"27561601",15.6290013694406,-2197.83289288343,2229.09089562231
"27648001",15.5859513166298,-2210.56607044657,2241.73797307983
"27734401",15.542901263819,-2223.3234067204,2254.40920924804
"27820801",15.4998512110083,-2236.10485588984,2267.10455831185
"27907201",15.4568011581975,-2248.91037239945,2279.82397471585
"27993601",15.4137511053867,-2261.73991095102,2292.56741316179
"28080001",15.3707010525759,-2274.59342650112,2305.33482860627
"28166401",15.3276509997651,-2287.47087425872,2318.12617625825
"28252801",15.2846009469543,-2300.37220968287,2330.94141157678
"28339201",15.2415508941436,-2313.29738848038,2343.78049026867
"28425601",15.1985008413328,-2326.2463666035,2356.64336828617
"28512001",15.155450788522,-2339.21910024768,2369.53000182472
"28598401",15.1124007357112,-2352.21554584934,2382.44034732077
"28684801",15.0693506829004,-2365.2356600837,2395.3743614495
"28771201",15.0263006300896,-2378.27939986253,2408.33200112271
"28857601",14.9832505772789,-2391.34672233208,2421.31322348664
"28944001",14.9402005244681,-2404.43758487095,2434.31798591988
"29030401",14.8971504716573,-2417.55194508794,2447.34624603125
"29116801",14.8541004188465,-2430.68976082005,2460.39796165775
"29203201",14.8110503660357,-2443.85099013043,2473.4730908625
"29289601",14.7680003132249,-2457.03559130633,2486.57159193278
"29376001",14.7249502604141,-2470.24352285714,2499.69342337797
"29462401",14.6819002076034,-2483.47474351244,2512.83854392764
"29548801",14.6388501547926,-2496.72921222,2526.00691252958
"29635201",14.5958001019818,-2510.00688814394,2539.1984883479
"29721601",14.552750049171,-2523.30773066279,2552.41323076113
"29808001",14.5096999963602,-2536.63169936761,2565.65109936033
"29894401",14.4666499435494,-2549.97875406021,2578.9120539473
"29980801",14.4235998907387,-2563.34885475122,2592.1960545327
"30067201",14.3805498379279,-2576.7419616584,2605.50306133425
"30153601",14.3374997851171,-2590.15803520477,2618.833034775
"30240001",14.2944497323063,-2603.59703601691,2632.18593548152
"30326401",14.2513996794955,-2617.05892492317,2645.56172428217
"30412801",14.2083496266847,-2630.54366295202,2658.96036220539
"30499201",14.165299573874,-2644.05121133027,2672.38181047802
"30585601",14.1222495210632,-2657.58153148147,2685.8260305236
"30672001",14.0791994682524,-2671.1345850242,2699.2929839607
"30758401",14.0361494154416,-2684.71033377044,2712.78263260132
"30844801",13.9930993626308,-2698.30873972399,2726.29493844925
"30931201",13.95004930982,-2711.92976507882,2739.82986369846
"31017601",13.9069992570092,-2725.57337221751,2753.38737073153
"31104001",13.8639492041985,-2739.2395237097,2766.9674221181
"31190401",13.8208991513877,-2752.92818231053,2780.5699806133
"31276801",13.7778490985769,-2766.63931095909,2794.19500915625
"31363201",13.7347990457661,-2780.37287277698,2807.84247086851
"31449601",13.6917489929553,-2794.12883106674,2821.51232905265
"31536001",13.6486989401445,-2807.90714931041,2835.2045471907
"31622401",13.6056488873338,-2821.70779116808,2848.91908894275
"31708801",13.562598834523,-2835.53072047644,2862.65591814548
"31795201",13.5195487817122,-2849.37590124734,2876.41499881077
"31881601",13.4764987289014,-2863.24329766641,2890.19629512421
"31968001",13.4334486760906,-2877.13287409163,2903.99977144381
"32054401",13.3903986232798,-2891.04459505198,2917.82539229854
"32140801",13.3473485704691,-2904.97842524607,2931.67312238701
"32227201",13.3042985176583,-2918.93432954079,2945.54292657611
"32313601",13.2612484648475,-2932.91227296998,2959.43476989967
"32400001",13.2181984120367,-2946.91222073309,2973.34861755716
"32486401",13.1751483592259,-2960.93413819393,2987.28443491238
"32572801",13.1320983064151,-2974.97799087932,3001.24218749215
"32659201",13.0890482536043,-2989.04374447785,3015.22184098506
"32745601",13.0459982007936,-3003.13136483862,3029.22336124021
"32832001",13.0029481479828,-3017.24081796999,3043.24671426595
"32918401",12.959898095172,-3031.3720700383,3057.29186622865
"33004801",12.9168480423612,-3045.52508736674,3071.35878345146
"33091201",12.8737979895504,-3059.69983643407,3085.44743241317
"33177601",12.8307479367396,-3073.89628387343,3099.55777974691
"33264001",12.7876978839289,-3088.11439647122,3113.68979223907
"33350401",12.7446478311181,-3102.35414116584,3127.84343682808
"33436801",12.7015977783073,-3116.61548504662,3142.01868060323
"33523201",12.6585477254965,-3130.89839535261,3156.2154908036
"33609601",12.6154976726857,-3145.20283947149,3170.43383481686
"33696001",12.5724476198749,-3159.52878493843,3184.67368017818
"33782401",12.5293975670642,-3173.87619943499,3198.93499456912
"33868801",12.4863475142534,-3188.24505078801,3213.21774581652
"33955201",12.4432974614426,-3202.63530696855,3227.52190189143
"34041601",12.4002474086318,-3217.04693609078,3241.84743090804
"34128001",12.357197355821,-3231.47990641094,3256.19430112259
"34214401",12.3141473030102,-3245.93418632632,3270.56248093234
"34300801",12.2710972501994,-3260.40974437414,3284.95193887454
"34387201",12.2280471973887,-3274.90654923058,3299.36264362536
"34473601",12.1849971445779,-3289.42456970976,3313.79456399891
"34560001",12.1419470917671,-3303.96377476269,3328.24766894623
"34646401",12.0988970389563,-3318.52413347633,3342.72192755424
"34732801",12.0558469861455,-3333.10561507253,3357.21730904483
"34819201",12.0127969333347,-3347.70818890713,3371.7337827738
"34905601",11.969746880524,-3362.3318244689,3386.27131822995
"34992001",11.9266968277132,-3376.97649137869,3400.82988503412
"35078401",11.8836467749024,-3391.64215938838,3415.40945293819
"35164801",11.8405967220916,-3406.32879838,3430.00999182418
"35251201",11.7975466692808,-3421.03637836478,3444.63147170334
"35337601",11.75449661647,-3435.76486948222,3459.27386271516
"35424001",11.7114465636593,-3450.51424199922,3473.93713512654
"35510401",11.6683965108485,-3465.28446630911,3488.62125933081
"35596801",11.6253464580377,-3480.07551293081,3503.32620584689
"35683201",11.5822964052269,-3494.88735250794,3518.05194531839
"35769601",11.5392463524161,-3509.7199558079,3532.79844851273
"35856001",11.4961962996053,-3524.57329372107,3547.56568632028
"35942401",11.4531462467945,-3539.44733725987,3562.35362975346
"36028801",11.4100961939838,-3554.34205755801,3577.16224994597
"36115201",11.367046141173,-3569.25742586953,3591.99151815187
"36201601",11.3239960883622,-3584.19341356807,3606.84140574479
"36288001",11.2809460355514,-3599.14999214597,3621.71188421708
"36374401",11.2378959827406,-3614.12713321351,3636.60292517899
"36460801",11.1948459299298,-3629.12480849805,3651.51450035791
"36547201",11.1517958771191,-3644.14298984325,3666.44658159749
"36633601",11.1087458243083,-3659.18164920828,3681.3991408569
"36720001",11.0656957714975,-3674.24075866702,3696.37215021002
"36806401",11.0226457186867,-3689.32029040728,3711.36558184466
"36892801",10.9795956658759,-3704.42021673005,3726.3794080618
"36979201",10.9365456130651,-3719.54051004869,3741.41360127482
"37065601",10.8934955602544,-3734.68114288823,3756.46813400874
"37152001",10.8504455074436,-3749.84208788456,3771.54297889945
"37238401",10.8073954546328,-3765.02331778374,3786.63810869301
"37324801",10.764345401822,-3780.22480544122,3801.75349624487
"37411201",10.7212953490112,-3795.44652382113,3816.88911451916
"37497601",10.6782452962004,-3810.68844599556,3832.04493658796
"37584001",10.6351952433896,-3825.95054514384,3847.22093563062
"37670401",10.5921451905789,-3841.23279455181,3862.41708493297
"37756801",10.5490951377681,-3856.53516761115,3877.63335788669
"37843201",10.5060450849573,-3871.85763781868,3892.86972798859
"37929601",10.4629950321465,-3887.20017877562,3908.12616883991
"38016001",10.4199449793357,-3902.56276418698,3923.40265414565
"38102401",10.3768949265249,-3917.94536786083,3938.69915771388
"38188801",10.3338448737142,-3933.34796370764,3954.01565345506
"38275201",10.2907948209034,-3948.77052573962,3969.35211538143
"38361601",10.2477447680926,-3964.21302807008,3984.70851760626
"38448001",10.2046947152818,-3979.67544491271,4000.08483434328
"38534401",10.161644662471,-3995.15775058103,4015.48103990598
"38620801",10.1185946096602,-4010.65991948766,4030.89710870698
"38707201",10.0755445568495,-4026.18192614374,4046.33301525743
"38793601",10.0324945040387,-4041.72374515825,4061.78873416633
"38880001",9.98944445122788,-4057.28535123745,4077.26424013991
"38966401",9.9463943984171,-4072.86671918422,4092.75950798105
"39052801",9.90334434560631,-4088.46782389742,4108.27451258863
"39139201",9.86029429279553,-4104.08864037135,4123.80922895694
"39225601",9.81724423998475,-4119.7291436951,4139.36363217507
"39312001",9.77419418717396,-4135.38930905196,4154.93769742631
"39398401",9.73114413436318,-4151.06911171883,4170.53139998756
"39484801",9.68809408155239,-4166.76852706564,4186.14471522875
"39571201",9.64504402874161,-4182.48753055476,4201.77761861225
"39657601",9.60199397593082,-4198.22609774043,4217.43008569229
"39744001",9.55894392312004,-4213.98420426817,4233.10209211441
"39830401",9.51589387030926,-4229.76182587424,4248.79361361486
"39916801",9.47284381749847,-4245.55893838507,4264.50462602007
"40003201",9.42979376468769,-4261.37551771669,4280.23510524606
"40089601",9.3867437118769,-4277.21153987417,4295.98502729792
"40176001",9.34369365906612,-4293.06698095112,4311.75436826925
"40262401",9.30064360625533,-4308.9418171291,4327.54310434161
"40348801",9.25759355344455,-4324.83602467709,4343.35121178398
"40435201",9.21454350063377,-4340.74957995098,4359.17866695225
"40521601",9.17149344782298,-4356.68245939301,4375.02544628866
"40608001",9.1284433950122,-4372.63463953128,4390.8915263213
"40694401",9.08539334220141,-4388.60609697919,4406.77688366359
"40780801",9.04234328939063,-4404.59680843495,4422.68149501373
"40867201",8.99929323657985,-4420.60675068107,4438.60533715423
"40953601",8.95624318376906,-4436.63590058385,4454.54838695139
"41040001",8.91319313095828,-4452.68423509286,4470.51062135478
"41126401",8.87014307814749,-4468.75173124047,4486.49201739677
"41212801",8.82709302533671,-4484.83836614133,4502.492552192
"41299201",8.78404297252592,-4500.9441169919,4518.51220293695
"41385601",8.74099291971514,-4517.06896106994,4534.55094690937
"41472001",8.69794286690436,-4533.21287573406,4550.60876146787
"41558401",8.65489281409357,-4549.37583842321,4566.6856240514
"41644801",8.61184276128279,-4565.55782665624,4582.78151217881
"41731201",8.568792708472,-4581.75881803139,4598.89640344834
"41817601",8.52574265566122,-4597.97879022585,4615.03027553718
"41904001",8.48269260285043,-4614.2177209953,4631.183106201
"41990401",8.43964255003965,-4630.47558817343,4647.35487327351
"42076801",8.39659249722887,-4646.7523696715,4663.54555466596
"42163201",8.35354244441808,-4663.04804347789,4679.75512836673
"42249601",8.3104923916073,-4679.36258765765,4695.98357244086
"42336001",8.26744233879651,-4695.69598035205,4712.23086502964
"42422401",8.22439228598573,-4712.04819977814,4728.49698435011
"42508801",8.18134223317495,-4728.41922422832,4744.78190869467
"42595201",8.13829218036416,-4744.80903206991,4761.08561643064
"42681601",8.09524212755338,-4761.21760174471,4777.40808599982
"42768001",8.05219207474259,-4777.64491176857,4793.74929591805
"42854401",8.00914202193181,-4794.09094073098,4810.10922477484
"42940801",7.96609196912102,-4810.55566729465,4826.48785123289
"43027201",7.92304191631024,-4827.03907019508,4842.8851540277
"43113601",7.87999186349946,-4843.54112824016,4859.30111196716
"43200001",7.83694181068867,-4860.06182030975,4875.73570393113
"43286401",7.79389175787789,-4876.60112535529,4892.18890887105
"43372801",7.7508417050671,-4893.15902239938,4908.66070580951
"43459201",7.70779165225632,-4909.73549053537,4925.15107383989
"43545601",7.66474159944553,-4926.33050892702,4941.65999212591
"43632001",7.62169154663475,-4942.94405680801,4958.18743990128
"43718401",7.57864149382397,-4959.57611348165,4974.7333964693
"43804801",7.53559144101318,-4976.22665832043,4991.29784120246
"43891201",7.4925413882024,-4992.89567076565,5007.88075354205
"43977601",7.44949133539161,-5009.58313032703,5024.48211299782
"44064001",7.40644128258083,-5026.28901658237,5041.10189914753
"44150401",7.36339122977004,-5043.01330917711,5057.74009163665
"44236801",7.32034117695926,-5059.75598782402,5074.39667017794
"44323201",7.27729112414848,-5076.51703230279,5091.07161455109
"44409601",7.23424107133769,-5093.29642245968,5107.76490460235
"44496001",7.19119101852691,-5110.09413820714,5124.47652024419
"44582401",7.14814096571612,-5126.91015952348,5141.20644145491
"44668801",7.10509091290534,-5143.74446645246,5157.95464827827
"44755201",7.06204086009456,-5160.597039103,5174.72112082319
"44841601",7.01899080728377,-5177.46785764876,5191.50583926333
"44928001",6.97594075447299,-5194.35690232784,5208.30878383679
"45014401",6.9328907016622,-5211.2641534424,5225.12993484573
"45100801",6.88984064885142,-5228.18959135833,5241.96927265603
"45187201",6.84679059604063,-5245.13319650491,5258.82677769699
"45273601",6.80374054322985,-5262.09494937444,5275.7024304609
"45360001",6.76069049041907,-5279.07483052196,5292.5962115028
"45446401",6.71764043760828,-5296.07282056486,5309.50810144008
"45532801",6.6745903847975,-5313.08890018256,5326.43808095216
"45619201",6.63154033198671,-5330.12305011621,5343.38613078019
"45705601",6.58849027917593,-5347.17525116833,5360.35223172668
"45792001",6.54544022636514,-5364.24548420247,5377.3363646552
"45878401",6.50239017355436,-5381.33373014295,5394.33851049006
"45964801",6.45934012074358,-5398.43996997448,5411.35865021597
"46051201",6.41629006793279,-5415.56418474187,5428.39676487774
"46137601",6.37324001512201,-5432.7063555497,5445.45283557994
"46224001",6.33018996231122,-5449.86646356201,5462.52684348663
"46310401",6.28713990950044,-5467.044490002,5479.618769821
"46396801",6.24408985668965,-5484.24041615172,5496.7285958651
"46483201",6.20103980387887,-5501.45422335174,5513.8563029595
"46569601",6.15798975106809,-5518.68589300087,5531.001872503
"46656001",6.1149396982573,-5535.93540655584,5548.16528595236
"46742401",6.07188964544652,-5553.20274553104,5565.34652482193
"46828801",6.02883959263573,-5570.48789149816,5582.54557068343
"46915201",5.98578953982495,-5587.79082608592,5599.76240516557
"47001601",5.94273948701417,-5605.11153097983,5616.99700995386
"47088001",5.89968943420338,-5622.44998792179,5634.2493667902
"47174401",5.8566393813926,-5639.80617870991,5651.51945747269
"47260801",5.81358932858181,-5657.18008519815,5668.80726385531
"47347201",5.77053927577103,-5674.57168929605,5686.1127678476
"47433601",5.72748922296024,-5691.98097296849,5703.43595141442
"47520001",5.68443917014946,-5709.40791823535,5720.77679657565
"47606401",5.64138911733868,-5726.85250717126,5738.13528540593
"47692801",5.59833906452789,-5744.3147219053,5755.51140003436
"47779201",5.55528901171711,-5761.79454462078,5772.90512264422
"47865601",5.51223895890632,-5779.29195755491,5790.31643547272
"47952001",5.46918890609554,-5796.80694299853,5807.74532081072
"48038401",5.42613885328475,-5814.33948329589,5825.19176100246
"48124801",5.38308880047397,-5831.88956084433,5842.65573844527
"48211201",5.34003874766319,-5849.45715809404,5860.13723558937
"48297601",5.2969886948524,-5867.0422575478,5877.63623493751
"48384001",5.25393864204162,-5884.6448417607,5895.15271904478
"48470401",5.21088858923083,-5902.26489333989,5912.68667051835
"48556801",5.16783853642005,-5919.90239494432,5930.23807201716
"48643201",5.12478848360927,-5937.55732928449,5947.80690625171
"48729601",5.08173843079848,-5955.22967912218,5965.39315598377
"48816001",5.0386883779877,-5972.91942727021,5982.99680402618
"48902401",4.99563832517691,-5990.62655659219,6000.61783324254
"48988801",4.95258827236613,-6008.35105000225,6018.25622654699
"49075201",4.90953821955534,-6026.09289046483,6035.91196690395
"49161601",4.86648816674456,-6043.8520609944,6053.58503732789
"49248001",4.82343811393378,-6061.62854465522,6071.27542088309
"49334401",4.78038806112299,-6079.42232456111,6088.98310068335
"49420801",4.73733800831221,-6097.23338387519,6106.70805989182
"49507201",4.69428795550142,-6115.06170580968,6124.45028172069
"49593601",4.65123790269064,-6132.90727362562,6142.209749431
"49680001",4.60818784987985,-6150.77007063263,6159.98644633239
"49766401",4.56513779706907,-6168.65008018874,6177.78035578287
"49852801",4.52208774425829,-6186.54728570005,6195.59146118857
"49939201",4.4790376914475,-6204.46167062062,6213.41974600352
"50025601",4.43598763863672,-6222.39321845214,6231.26519372942
"50112001",4.39293758582593,-6240.34191274376,6249.12778791541
"50198401",4.34988753301515,-6258.30773709183,6267.00751215786
"50284801",4.30683748020436,-6276.29067513969,6284.9043501001
"50371201",4.26378742739358,-6294.29071057747,6302.81828543225
"50457601",4.2207373745828,-6312.3078271418,6320.74930189096
"50544001",4.17768732177201,-6330.34200861566,6338.6973832592
"50630401",4.13463726896123,-6348.39323882813,6356.66251336606
"50716801",4.09158721615044,-6366.46150165417,6374.64467608647
"50803201",4.04853716333966,-6384.54678101441,6392.64385534109
"50889601",4.00548711052888,-6402.64906087492,6410.66003509598
"50976001",3.96243705771809,-6420.76832524702,6428.69319936246
"51062401",3.91938700490731,-6438.90455818705,6446.74333219687
"51148801",3.87633695209652,-6457.05774379618,6464.81041770038
"51235201",3.83328689928574,-6475.22786622017,6482.89444001874
"51321601",3.79023684647495,-6493.41490964917,6500.99538334212
"51408001",3.74718679366417,-6511.61885831754,6519.11323190487
"51494401",3.70413674085339,-6529.83969650362,6537.24796998533
"51580801",3.6610866880426,-6548.07740852953,6555.39958190562
"51667201",3.61803663523182,-6566.33197876096,6573.56805203142
"51753601",3.57498658242103,-6584.60339160698,6591.75336477183
"51840001",3.53193652961025,-6602.89163151985,6609.95550457907
"51926401",3.48888647679946,-6621.19668299479,6628.17445594839
"52012801",3.44583642398868,-6639.51853056981,6646.41020341779
"52099201",3.4027863711779,-6657.8571588255,6664.66273156786
"52185601",3.35973631836711,-6676.21255238484,6682.93202502158
"52272001",3.31668626555633,-6694.58469591301,6701.21806844412
"52358401",3.27363621274554,-6712.97357411718,6719.52084654267
"52444801",3.23058615993476,-6731.37917174634,6737.84034406621
"52531201",3.18753610712398,-6749.80147359109,6756.17654580534
"52617601",3.14448605431319,-6768.24046448348,6774.52943659211
"52704001",3.10143600150241,-6786.69612929679,6792.89900129979
"52790401",3.05838594869162,-6805.16845294536,6811.28522484274
"52876801",3.01533589588084,-6823.6574203844,6829.68809217616
"52963201",2.97228584307005,-6842.1630166098,6848.10758829594
"53049601",2.92923579025927,-6860.68522665799,6866.54369823851
"53136001",2.88618573744849,-6879.22403560567,6884.99640708057
"53222401",2.8431356846377,-6897.77942856972,6903.46569993899
"53308801",2.80008563182692,-6916.35139070696,6921.95156197062
"53395201",2.75703557901613,-6934.93990721402,6940.45397837205
"53481601",2.71398552620535,-6953.54496332711,6958.97293437952
"53568001",2.67093547339456,-6972.16654432188,6977.50841526867
"53654401",2.62788542058378,-6990.80463551323,6996.0604063544
"53740801",2.584835367773,-7009.45922225516,7014.6288929907
"53827201",2.54178531496221,-7028.13028994054,7033.21386057046
"53913601",2.49873526215143,-7046.81782400102,7051.81529452532
"54000001",2.45568520934064,-7065.52180990678,7070.43318032546
"54086401",2.41263515652986,-7084.24223316641,7089.06750347947
"54172801",2.36958510371907,-7102.97907932673,7107.71824953417
"54259201",2.32653505090829,-7121.7323339726,7126.38540407442
"54345601",2.28348499809751,-7140.5019827268,7145.06895272299
"54432001",2.24043494528672,-7159.28801124981,7163.76888114038
"54518401",2.19738489247594,-7178.09040523968,7182.48517502463
"54604801",2.15433483966515,-7196.90915043186,7201.21782011119
"54691201",2.11128478685437,-7215.74423259903,7219.96680217274
"54777601",2.06823473404359,-7234.59563755095,7238.73210701904
"54864001",2.0251846812328,-7253.46335113429,7257.51372049676
"54950401",1.98213462842202,-7272.34735923248,7276.31162848932
"55036801",1.93908457561123,-7291.24764776551,7295.12581691673
"55123201",1.89603452280045,-7310.16420268985,7313.95627173545
"55209601",1.85298446998966,-7329.09700999823,7332.80297893821
"55296001",1.80993441717888,-7348.0460557195,7351.66592455385
"55382401",1.7668843643681,-7367.01132591847,7370.54509464721
"55468801",1.72383431155731,-7385.9928066958,7389.44047531891
"55555201",1.68078425874653,-7404.99048418776,7408.35205270526
"55641601",1.63773420593574,-7424.00434456618,7427.27981297805
"55728001",1.59468415312496,-7443.0343740382,7446.22374234445
"55814401",1.55163410031417,-7462.08055884621,7465.18382704684
"55900801",1.50858404750339,-7481.14288526763,7484.16005336263
"55987201",1.46553399469261,-7500.22133961479,7503.15240760417
"56073601",1.42248394188182,-7519.31590823479,7522.16087611855
"56160001",1.37943388907104,-7538.42657750934,7541.18544528749
"56246401",1.33638383626025,-7557.55333385463,7560.22610152715
"56332801",1.29333378344947,-7576.69616372116,7579.28283128806
"56419201",1.25028373063869,-7595.8550535936,7598.35562105488
"56505601",1.2072336778279,-7615.02998999068,7617.44445734634
"56592001",1.16418362501712,-7634.220959465,7636.54932671504
"56678401",1.12113357220633,-7653.42794860293,7655.67021574734
"56764801",1.07808351939555,-7672.65094402443,7674.80711106322
"56851201",1.03503346658476,-7691.88993238295,7693.95999931612
"56937601",0.99198341377398,-7711.14490036526,7713.12886719281
"57024001",0.948933360963196,-7730.41583469131,7732.31370141324
"57110401",0.905883308152411,-7749.70272211414,7751.51448873044
"57196801",0.862833255341627,-7769.00554941966,7770.73121593034
"57283201",0.819783202530843,-7788.3243034266,7789.96386983166
"57369601",0.776733149720059,-7807.65897098632,7809.21243728576
"57456001",0.733683096909274,-7827.0095389827,7828.47690517652
"57542401",0.69063304409849,-7846.37599433198,7847.75726042018
"57628801",0.647582991287706,-7865.75832398267,7867.05348996524
"57715201",0.604532938476922,-7885.15651491536,7886.36558079231
"57801601",0.561482885666138,-7904.57055414265,7905.69351991399
"57888001",0.518432832855353,-7924.00042870899,7925.0372943747
"57974401",0.475382780044569,-7943.44612569053,7944.39689125062
"58060801",0.432332727233785,-7962.90763219502,7963.77229764948
"58147201",0.389282674423001,-7982.38493536167,7983.16350071052
"58233601",0.346232621612216,-8001.87802236105,8002.57048760427
"58320001",0.303182568801432,-8021.3868803949,8021.9932455325
"58406401",0.260132515990648,-8040.91149669606,8041.43176172804
"58492801",0.217082463179864,-8060.45185852833,8060.88602345469
"58579201",0.17403241036908,-8080.00795318633,8080.35601800707
"58665601",0.130982357558295,-8099.5797679954,8099.84173271052
"58752001",0.0879323047475111,-8119.16729031145,8119.34315492094
"58838401",0.0448822519367269,-8138.77050752086,8138.86027202473
"58924801",0.00183219912594268,-8158.38940704035,8158.3930714386
"59011201",-0.0412178536848415,-8178.02397631684,8177.94154060947
"59097601",-0.0842679064956258,-8197.67420282736,8197.50566701437
"59184001",-0.12731795930641,-8217.34007407893,8217.08543816031
"59270401",-0.170368012117194,-8237.02157760839,8236.68084158416
"59356801",-0.213418064927978,-8256.71870098236,8256.2918648525
"59443201",-0.256468117738763,-8276.43143179705,8275.91849556157
"59529601",-0.299518170549547,-8296.15975767818,8295.56072133708
"59616001",-0.342568223360331,-8315.90366628086,8315.21852983414
"59702401",-0.385618276171115,-8335.66314528947,8334.89190873713
"59788801",-0.4286683289819,-8355.43818241754,8354.58084575958
"59875201",-0.471718381792684,-8375.22876540765,8374.28532864407
"59961601",-0.514768434603468,-8395.03488203128,8394.00534516208
"60048001",-0.557818487414252,-8414.85652008876,8413.74088311393
"60134401",-0.600868540225036,-8434.69366740908,8433.49193032863
"60220801",-0.643918593035821,-8454.54631184984,8453.25847466377
"60307201",-0.686968645846605,-8474.4144412971,8473.04050400541
"60393601",-0.730018698657389,-8494.29804366531,8492.83800626799
"60480001",-0.773068751468173,-8514.19710689713,8512.6509693942
"60566401",-0.816118804278958,-8534.11161896341,8532.47938135485
"60652801",-0.859168857089742,-8554.041567863,8552.32323014882
"60739201",-0.902218909900526,-8573.98694162268,8572.18250380288
"60825601",-0.94526896271131,-8593.94772829707,8592.05719037165
"60912001",-0.988319015522094,-8613.92391596847,8611.94727793742
"60998401",-1.03136906833288,-8633.9154927468,8631.85275461013
"61084801",-1.07441912114366,-8653.92244676946,8651.77360852718
"61171201",-1.11746917395445,-8673.94476620127,8671.70982785336
"61257601",-1.16051922676523,-8693.98243923431,8691.66140078077
"61344001",-1.20356927957602,-8714.03545408783,8711.62831552868
"61430401",-1.2466193323868,-8734.10379900819,8731.61056034342
"61516801",-1.28966938519758,-8754.1874622687,8751.60812349831
"61603201",-1.33271943800837,-8774.28643216955,8771.62099329353
"61689601",-1.37576949081915,-8794.40069703768,8791.64915805605
"61776001",-1.41881954362994,-8814.53024522672,8811.69260613946
"61862401",-1.46186959644072,-8834.67506511684,8831.75132592396
"61948801",-1.50491964925151,-8854.83514511469,8851.82530581619
"62035201",-1.54796970206229,-8875.01047365328,8871.91453424915
"62121601",-1.59101975487307,-8895.20103919187,8892.01899968212
"62208001",-1.63406980768386,-8915.4068302159,8912.13869060053
"62294401",-1.67711986049464,-8935.62783523687,8932.27359551588
"62380801",-1.72016991330543,-8955.86404279224,8952.42370296563
"62467201",-1.76321996611621,-8976.11544144535,8972.58900151311
"62553601",-1.80627001892699,-8996.3820197853,8992.76947974745
"62640001",-1.84932007173778,-9016.66376642688,9012.9651262834
"62726401",-1.89237012454856,-9036.96067001045,9033.17592976135
"62812801",-1.93542017735935,-9057.27271920184,9053.40187884713
"62899201",-1.97847023017013,-9077.59990269231,9073.64296223197
"62985601",-2.02152028298092,-9097.94220919837,9093.89916863241
"63072001",-2.0645703357917,-9118.29962746175,9114.17048679016
"63158401",-2.10762038860248,-9138.67214624928,9134.45690547207
"63244801",-2.15067044141327,-9159.05975435281,9154.75841346998
"63331201",-2.19372049422405,-9179.4624405891,9175.07499960065
"63417601",-2.23677054703484,-9199.88019379976,9195.40665270569
"63504001",-2.27982059984562,-9220.3130028511,9215.75336165141
"63590401",-2.32287065265641,-9240.76085663411,9236.11511532879
"63676801",-2.36592070546719,-9261.2237440643,9256.49190265337
"63763201",-2.40897075827797,-9281.70165408169,9276.88371256513
"63849601",-2.45202081108876,-9302.19457565063,9297.29053402845
"63936001",-2.49507086389954,-9322.70249775977,9317.71235603197
"64022401",-2.53812091671033,-9343.22540942197,9338.14916758855
"64108801",-2.58117096952111,-9363.76329967417,9358.60095773513
"64195201",-2.62422102233189,-9384.31615757736,9379.0677155327
"64281601",-2.66727107514268,-9404.88397221643,9399.54943006614
"64368001",-2.71032112795346,-9425.46673270014,9420.04609044423
"64454401",-2.75337118076425,-9446.06442816099,9440.55768579946
"64540801",-2.79642123357503,-9466.67704775515,9461.084205288
"64627201",-2.83947128638582,-9487.3045806624,9481.62563808962
"64713601",-2.8825213391966,-9507.94701608599,9502.18197340759
"64800001",-2.92557139200738,-9528.60434325259,9522.75320046858
"64886401",-2.96862144481817,-9549.27655141224,9543.3393085226
"64972801",-3.01167149762895,-9569.96362983817,9563.94028684291
"65059201",-3.05472155043974,-9590.66556782681,9584.55612472593
"65145601",-3.09777160325052,-9611.38235469765,9605.18681149115
"65232001",-3.14082165606131,-9632.1139797932,9625.83233648108
"65318401",-3.18387170887209,-9652.86043247886,9646.49268906112
"65404801",-3.22692176168287,-9673.62170214289,9667.16785861952
"65491201",-3.26997181449366,-9694.39777819626,9687.85783456727
"65577601",-3.31302186730444,-9715.18865007265,9708.56260633804
"65664001",-3.35607192011523,-9735.99430722831,9729.28216338808
"65750401",-3.39912197292601,-9756.814739142,9750.01649519615
"65836801",-3.4421720257368,-9777.64993531492,9770.76559126345
"65923201",-3.48522207854758,-9798.49988527061,9791.52944111352
"66009601",-3.52827213135836,-9819.36457855487,9812.30803429216
"66096001",-3.57132218416915,-9840.24400473572,9833.10136036738
"66182401",-3.61437223697993,-9861.13815340325,9853.90940892929
"66268801",-3.65742228979072,-9882.04701416963,9874.73216959005
"66355201",-3.7004723426015,-9902.97057666895,9895.56963198375
"66441601",-3.74352239541228,-9923.90883055722,9916.42178576639
"66528001",-3.78657244822307,-9944.86176551221,9937.28862061576
"66614401",-3.82962250103385,-9965.82937123344,9958.17012623137
"66700801",-3.87267255384464,-9986.81163744208,9979.06629233439
"66787201",-3.91572260665542,-10007.8085538809,9999.97710866757
"66873601",-3.95877265946621,-10028.8201103141,10020.9025649951
"66960001",-4.00182271227699,-10049.8462965273,10041.8426511028
"67046401",-4.04487276508777,-10070.8871023276,10062.7973567974
"67132801",-4.08792281789856,-10091.9425175433,10083.7666719075
"67219201",-4.13097287070934,-10113.0125320238,10104.7505862824
"67305601",-4.17402292352013,-10134.0971356399,10125.7490897928
"67392001",-4.21707297633091,-10155.196318283,10146.7621723304
"67478401",-4.2601230291417,-10176.310069866,10167.7898238077
"67564801",-4.30317308195248,-10197.4383803223,10188.8320341584
"67651201",-4.34622313476326,-10218.5812396065,10209.888793337
"67737601",-4.38927318757405,-10239.7386376936,10230.9600913184
"67824001",-4.43232324038483,-10260.9105645795,10252.0459180987
"67910401",-4.47537329319562,-10282.0970102807,10273.1462636943
"67996801",-4.5184233460064,-10303.2979648342,10294.2611181422
"68083201",-4.56147339881718,-10324.5134182976,10315.3904715
"68169601",-4.60452345162797,-10345.7433607488,10336.5343138455
"68256001",-4.64757350443875,-10366.9877822861,10357.6926352772
"68342401",-4.69062355724954,-10388.2466730279,10378.8654259134
"68428801",-4.73367361006032,-10409.5200231132,10400.0526758931
"68515201",-4.77672366287111,-10430.8078227007,10421.2543753749
"68601601",-4.81977371568189,-10452.1100619694,10442.470514538
"68688001",-4.86282376849267,-10473.4267311183,10463.7010835813
"68774401",-4.90587382130346,-10494.7578203662,10484.9460727236
"68860801",-4.94892387411424,-10516.1033199518,10506.2054722036
"68947201",-4.99197392692503,-10537.4632201339,10527.47927228
"69033601",-5.03502397973581,-10558.8375111904,10548.767463231
"69120001",-5.0780740325466,-10580.2261834196,10570.0700353545
"69206401",-5.12112408535738,-10601.6292271387,10591.386978968
"69292801",-5.16417413816816,-10623.046632685,10612.7182844087
"69379201",-5.20722419097895,-10644.4783904149,10634.063942033
"69465601",-5.25027424378973,-10665.9244907044,10655.4239422168
"69552001",-5.29332429660052,-10687.3849239487,10676.7982753555
"69638401",-5.3363743494113,-10708.8596805623,10698.1869318635
"69724801",-5.37942440222209,-10730.348750979,10719.5899021745
"69811201",-5.42247445503287,-10751.8521256516,10741.0071767415
"69897601",-5.46552450784365,-10773.3697950522,10762.4387460365
"69984001",-5.50857456065444,-10794.9017496716,10783.8846005503
"70070401",-5.55162461346522,-10816.4479800198,10805.3447307928
"70156801",-5.59467466627601,-10838.0084766256,10826.819127293
"70243201",-5.63772471908679,-10859.5832300366,10848.3077805984
"70329601",-5.68077477189757,-10881.1722308193,10869.8106812755
"70416001",-5.72382482470836,-10902.7754695586,10891.3278199092
"70502401",-5.76687487751914,-10924.3929368585,10912.8591871034
"70588801",-5.80992493032993,-10946.0246233411,10934.4047734805
"70675201",-5.85297498314071,-10967.6705196474,10955.9645696811
"70761601",-5.8960250359515,-10989.3306164365,10977.5385663646
"70848001",-5.93907508876228,-11011.0049043862,10999.1267542087
"70934401",-5.98212514157306,-11032.6933741926,11020.7291239094
"71020801",-6.02517519438385,-11054.3960165698,11042.3456661811
"71107201",-6.06822524719463,-11076.1128222505,11063.9763717561
"71193601",-6.11127530000542,-11097.8437819853,11085.6212313853
"71280001",-6.1543253528162,-11119.5888865429,11107.2802358373
"71366401",-6.19737540562699,-11141.3481267102,11128.953375899
"71452801",-6.24042545843777,-11163.121493292,11150.6406423751
"71539201",-6.28347551124855,-11184.9089771109,11172.3420260884
"71625601",-6.32652556405934,-11206.7105690075,11194.0575178794
"71712001",-6.36957561687012,-11228.5262598402,11215.7871086065
"71798401",-6.41262566968091,-11250.3560404852,11237.5307891458
"71884801",-6.45567572249169,-11272.1999018361,11259.2885503911
"71971201",-6.49872577530247,-11294.0578348046,11281.060383254
"72057601",-6.54177582811326,-11315.9298303195,11302.8462786633
"72144001",-6.58482588092404,-11337.8158793274,11324.6462275656
"72230401",-6.62787593373483,-11359.7159727924,11346.460220925
"72316801",-6.67092598654561,-11381.6301016959,11368.2882497228
"72403201",-6.7139760393564,-11403.5582570365,11390.1303049578
"72489601",-6.75702609216718,-11425.5004298304,11411.9863776461
"72576001",-6.80007614497796,-11447.4566111109,11433.8564588209
"72662401",-6.84312619778875,-11469.4267919284,11455.7405395328
"72748801",-6.88617625059953,-11491.4109633506,11477.6386108494
"72835201",-6.92922630341032,-11513.4091164621,11499.5506638553
"72921601",-6.9722763562211,-11535.4212423647,11521.4766896523
"73008001",-7.01532640903189,-11557.447332177,11543.416679359
"73094401",-7.05837646184267,-11579.4873770347,11565.370624111
"73180801",-7.10142651465345,-11601.5413680901,11587.3385150608
"73267201",-7.14447656746424,-11623.6092965127,11609.3203433777
"73353601",-7.18752662027502,-11645.6911534882,11631.3161002477
"73440001",-7.23057667308581,-11667.7869302196,11653.3257768734
"73526401",-7.27362672589659,-11689.896617926,11675.3493644743
"73612801",-7.31667677870738,-11712.0202078436,11697.3868542862
"73699201",-7.35972683151816,-11734.1576912248,11719.4382375618
"73785601",-7.40277688432894,-11756.3090593386,11741.5035055699
"73872001",-7.44582693713973,-11778.4743034704,11763.5826495961
"73958401",-7.48887698995051,-11800.653414922,11785.6756609421
"74044801",-7.5319270427613,-11822.8463850117,11807.7825309261
"74131201",-7.57497709557208,-11845.0532050738,11829.9032508826
"74217601",-7.61802714838286,-11867.273866459,11852.0378121622
"74304001",-7.66107720119365,-11889.5083605342,11874.1862061318
"74390401",-7.70412725400443,-11911.7566786824,11896.3484241744
